Generation,Avg. fitness,Best fitness,Peak fitness,Hp contacts,Overlaps,Mutation rate
0,2.051544717795485,8.0,8.0,8,0,0
1,2.903829038470499,8.0,8.0,8,0,68
2,4.150458728908608,13.0,13.0,13,0,207
3,5.968550887511179,14.0,14.0,14,0,512
4,5.768939157136433,14.0,14.0,14,0,1895
5,5.141855581185978,16.0,16.0,16,0,2907
6,5.883553124649933,17.0,17.0,17,0,2286
7,6.405021010562766,19.0,19.0,19,0,2188
8,6.521099850181022,18.0,19.0,18,0,2465
9,6.281004717702811,19.0,19.0,19,0,2675
10,6.197347893753288,18.0,19.0,18,0,2707
11,6.247149661346411,19.0,19.0,19,0,2653
12,6.617261732038854,22.0,22.0,22,0,2640
13,6.632676300417014,22.0,22.0,22,0,2562
14,6.981426167195147,22.0,22.0,22,0,2540
15,7.045324024491153,22.0,22.0,22,0,2494
16,6.996869496607549,22.0,22.0,22,0,2498
17,7.120384288431108,22.0,22.0,22,0,2454
18,7.498411548782125,24.0,24.0,24,0,2371
19,7.425051273279045,24.0,24.0,24,0,2343
20,7.5852776303284895,27.0,27.0,27,0,2304
21,7.884752962891086,27.0,27.0,27,0,2272
22,7.9558969869088685,30.0,30.0,30,0,2208
23,8.443238613132884,30.0,30.0,30,0,2263
24,8.071464209170507,30.0,30.0,30,0,2309
25,8.175253555685163,30.0,30.0,30,0,2442
26,8.040682473971803,30.0,30.0,30,0,2523
27,8.098654250371576,30.0,30.0,30,0,2543
28,8.038172794886707,30.0,30.0,30,0,2584
29,7.954707298425312,30.0,30.0,30,0,2653
30,7.864515374012838,30.0,30.0,30,0,2683
31,7.9214930494018185,30.0,30.0,30,0,2711
32,7.823779568165799,30.0,30.0,30,0,2731
33,8.009878129367536,30.0,30.0,30,0,2713
34,7.794839375244722,30.0,30.0,30,0,2703
35,7.590456901588067,30.0,30.0,30,0,2775
36,7.618953293294603,29.0,30.0,29,0,2781
37,7.500518561379319,29.0,30.0,29,0,2772
38,7.94189544882006,29.0,30.0,29,0,2746
39,7.661065674934598,28.0,30.0,28,0,2738
40,7.540886542423865,28.0,30.0,28,0,2746
41,7.76682999092675,28.0,30.0,28,0,2750
42,7.943114292140541,31.0,31.0,31,0,2708
43,7.593121111492361,31.0,31.0,31,0,2740
44,7.559571236099009,27.0,31.0,27,0,2780
45,7.794271337708393,29.0,31.0,29,0,2781
46,7.8203736068835195,29.0,31.0,29,0,2749
47,7.750813762162983,28.0,31.0,28,0,2763
48,7.792712092681348,29.0,31.0,29,0,2740
49,8.228880115786655,29.0,31.0,29,0,2700
50,8.121105137389932,30.0,31.0,30,0,2676
51,8.132456151992532,30.0,31.0,30,0,2674
52,8.15476477473616,29.0,31.0,29,0,2684
53,8.142053850660032,30.0,31.0,30,0,2688
54,7.857741622106409,31.0,31.0,31,0,2659
55,8.064662043596366,31.0,31.0,31,0,2633
56,8.246398341735572,31.0,31.0,31,0,2636
57,8.391109800685799,31.0,31.0,31,0,2647
58,8.22263568037827,31.0,31.0,31,0,2667
59,7.690215609167626,31.0,31.0,31,0,2705
60,7.997143393913316,31.0,31.0,31,0,2686
61,8.096643909339917,31.0,31.0,31,0,2694
62,7.816497142929016,31.0,31.0,31,0,2717
63,7.6674849641858,31.0,31.0,31,0,2722
64,7.665490532013901,31.0,31.0,31,0,2691
65,8.030256608100485,31.0,31.0,31,0,2676
66,7.794610829254677,31.0,31.0,31,0,2691
67,8.111449910380927,31.0,31.0,31,0,2713
68,8.075689211377263,31.0,31.0,31,0,2716
69,7.770970520942584,31.0,31.0,31,0,2747
70,7.788194035192467,31.0,31.0,31,0,2756
71,8.28890785622753,31.0,31.0,31,0,2740
72,8.102261308226591,30.0,31.0,30,0,2725
73,8.360113186504064,30.0,31.0,30,0,2737
74,8.094890310381098,31.0,31.0,31,0,2723
75,7.908003988603749,31.0,31.0,31,0,2719
76,8.042010564406098,30.0,31.0,30,0,2765
77,7.966734192856628,30.0,31.0,30,0,2750
78,7.8052171263306125,30.0,31.0,30,0,2749
79,8.173244427654065,30.0,31.0,30,0,2748
80,8.251787964573255,30.0,31.0,30,0,2763
81,7.9312290930980245,30.0,31.0,30,0,2755
82,7.900134857815787,30.0,31.0,30,0,2767
83,7.962612103409365,30.0,31.0,30,0,2763
84,8.342016461218362,30.0,31.0,30,0,2765
85,7.976720085825276,29.0,31.0,29,0,2743
86,8.235556126295151,31.0,31.0,31,0,2704
87,8.247287230688155,29.0,31.0,29,0,2709
88,8.190614093793007,29.0,31.0,29,0,2719
89,7.959344350000773,30.0,31.0,30,0,2708
90,8.057202018721968,30.0,31.0,30,0,2695
91,7.849476762608262,30.0,31.0,30,0,2691
92,7.7738982253042375,29.0,31.0,29,0,2683
93,7.788531372390466,29.0,31.0,29,0,2682
94,7.880542995012925,29.0,31.0,29,0,2665
95,8.137994378934602,30.0,31.0,30,0,2659
96,8.049181359181835,30.0,31.0,30,0,2653
97,8.216889720906462,32.0,32.0,32,0,2653
98,8.148918027103809,30.0,32.0,30,0,2681
99,8.26478173383125,30.0,32.0,30,0,2686
100,8.176354500260869,30.0,32.0,30,0,2654
101,8.179568126890157,30.0,32.0,30,0,2674
102,8.074117482044176,32.0,32.0,32,0,2700
103,8.030907180295745,30.0,32.0,30,0,2709
104,8.27419075760737,30.0,32.0,30,0,2691
105,8.41380172537069,30.0,32.0,30,0,2717
106,8.183697443143013,29.0,32.0,29,0,2740
107,7.858312308688433,29.0,32.0,29,0,2713
108,7.952058048547791,30.0,32.0,30,0,2709
109,8.104469740312679,30.0,32.0,30,0,2657
110,7.848102278195961,30.0,32.0,30,0,2625
111,7.961767297356803,29.0,32.0,29,0,2650
112,8.140659397628236,29.0,32.0,29,0,2652
113,8.137806316793661,29.0,32.0,29,0,2666
114,8.64637787177056,29.0,32.0,29,0,2655
115,8.210296944615331,29.0,32.0,29,0,2640
116,8.366812181427823,29.0,32.0,29,0,2648
117,8.35259559064542,28.0,32.0,28,0,2643
118,8.298569069554011,29.0,32.0,29,0,2656
119,8.218669113358445,31.0,32.0,31,0,2665
120,8.49095238788716,31.0,32.0,31,0,2660
121,8.349108537928316,31.0,32.0,31,0,2700
122,8.540394786850284,32.0,32.0,32,0,2766
123,8.042644591410888,31.0,32.0,31,0,2785
124,8.027830741915178,31.0,32.0,31,0,2811
125,8.180063870073804,31.0,32.0,31,0,2789
126,7.951224386491159,29.0,32.0,29,0,2812
127,7.998484071414662,29.0,32.0,29,0,2795
128,8.208017974259235,32.0,32.0,32,0,2771
129,8.192014348384557,32.0,32.0,32,0,2747
130,8.193336630686021,32.0,32.0,32,0,2762
131,8.163118845625347,32.0,32.0,32,0,2755
132,8.17515473632427,32.0,32.0,32,0,2726
133,8.096809316202407,29.0,32.0,29,0,2706
134,8.421087864789955,31.0,32.0,31,0,2685
135,8.894928765426123,30.0,32.0,30,0,2674
136,8.918239149935749,29.0,32.0,29,0,2666
137,8.693405729806605,30.0,32.0,30,0,2670
138,8.342854941832075,30.0,32.0,30,0,2661
139,8.019220445516254,32.0,32.0,32,0,2668
140,8.038058003452539,32.0,32.0,32,0,2654
141,8.369662086299765,29.0,32.0,29,0,2672
142,8.559191315132397,29.0,32.0,29,0,2660
143,8.367636861455642,29.0,32.0,29,0,2676
144,8.414887344700794,28.0,32.0,28,0,2666
145,8.399886251606583,29.0,32.0,29,0,2652
146,8.379757717720057,29.0,32.0,29,0,2643
147,8.34964179594639,29.0,32.0,29,0,2681
148,8.68075834958768,29.0,32.0,29,0,2703
149,8.250489761973704,29.0,32.0,29,0,2693
150,8.089489856086416,29.0,32.0,29,0,2744
151,8.085794944836403,31.0,32.0,31,0,2773
152,7.84354635484386,31.0,32.0,31,0,2773
153,7.649208447933941,31.0,32.0,31,0,2781
154,7.92273339549732,31.0,32.0,31,0,2787
155,7.793175368661151,31.0,32.0,31,0,2771
156,7.612450072587488,29.0,32.0,29,0,2774
157,7.850129244245927,29.0,32.0,29,0,2727
158,7.873513671761094,28.0,32.0,28,0,2720
159,7.903121468794547,29.0,32.0,29,0,2731
160,7.824328975894087,29.0,32.0,29,0,2714
161,8.120329596474072,29.0,32.0,29,0,2690
162,8.3303971971456,29.0,32.0,29,0,2670
163,8.07347091733025,29.0,32.0,29,0,2699
164,8.256511117156128,29.0,32.0,29,0,2726
165,7.508027808871884,28.0,32.0,28,0,2685
166,7.639868047867546,30.0,32.0,30,0,2695
167,8.140901464387305,29.0,32.0,29,0,2686
168,8.103504693573992,30.0,32.0,30,0,2685
169,8.355729092978091,29.0,32.0,29,0,2672
170,8.370427770080523,28.0,32.0,28,0,2680
171,7.942864978464921,30.0,32.0,30,0,2702
172,8.019344304166019,30.0,32.0,30,0,2708
173,8.242805537948293,30.0,32.0,30,0,2704
174,8.116805426267645,30.0,32.0,30,0,2714
175,8.263374375346098,30.0,32.0,30,0,2713
176,8.172663971806436,29.0,32.0,29,0,2750
177,7.917739255094936,29.0,32.0,29,0,2732
178,7.948683905057264,29.0,32.0,29,0,2714
179,8.098979377228948,29.0,32.0,29,0,2705
180,8.123255623355961,29.0,32.0,29,0,2716
181,8.123151651161852,29.0,32.0,29,0,2693
182,8.216601483049784,29.0,32.0,29,0,2696
183,8.267397311938533,29.0,32.0,29,0,2718
184,8.411976314244122,29.0,32.0,29,0,2708
185,8.448559366483305,28.0,32.0,28,0,2733
186,7.776464456938823,28.0,32.0,28,0,2759
187,8.130003801606728,28.0,32.0,28,0,2769
188,7.8625875804884044,28.0,32.0,28,0,2719
189,7.867379832571827,29.0,32.0,29,0,2708
190,7.746680204503512,29.0,32.0,29,0,2706
191,7.645300463135992,29.0,32.0,29,0,2716
192,7.698702682816903,29.0,32.0,29,0,2707
193,7.584299789846022,29.0,32.0,29,0,2707
194,7.914795254530733,29.0,32.0,29,0,2686
195,8.079462753475342,29.0,32.0,29,0,2694
196,7.690544435214894,29.0,32.0,29,0,2704
197,8.238308598558648,29.0,32.0,29,0,2722
198,8.238148359016453,29.0,32.0,29,0,2741
199,7.788148382137438,29.0,32.0,29,0,2804
200,7.795027640961238,29.0,32.0,29,0,2804
201,8.221025433825371,29.0,32.0,29,0,2779
202,8.234181073767529,29.0,32.0,29,0,2786
203,7.952671420134101,29.0,32.0,29,0,2815
204,7.540557089077419,28.0,32.0,28,0,2805
205,7.598568879217728,27.0,32.0,27,0,2783
206,7.659160557548475,29.0,32.0,29,0,2777
207,8.106138601788803,27.0,32.0,27,0,2742
208,7.938497081690038,27.0,32.0,27,0,2740
209,7.998818681033246,28.0,32.0,28,0,2731
210,7.695515839071954,27.0,32.0,27,0,2724
211,8.154296992868764,28.0,32.0,28,0,2700
212,8.395584297995095,28.0,32.0,28,0,2680
213,8.137271644980547,28.0,32.0,28,0,2684
214,8.537987481633529,30.0,32.0,30,0,2680
215,8.197375114090544,30.0,32.0,30,0,2676
216,8.390028856012744,30.0,32.0,30,0,2699
217,7.986803625120781,29.0,32.0,29,0,2688
218,8.14023017427266,28.0,32.0,28,0,2687
219,8.552869958398176,30.0,32.0,30,0,2677
220,8.376988112600284,30.0,32.0,30,0,2671
221,8.331303925854353,30.0,32.0,30,0,2669
222,8.199025767324958,29.0,32.0,29,0,2663
223,8.360484364027032,28.0,32.0,28,0,2638
224,8.112471747850327,28.0,32.0,28,0,2656
225,8.351297927387053,28.0,32.0,28,0,2692
226,8.177427370398807,27.0,32.0,27,0,2707
227,8.017585464401963,27.0,32.0,27,0,2713
228,8.383363634437583,29.0,32.0,29,0,2718
229,8.537348147975248,32.0,32.0,32,0,2715
230,8.226559589125122,32.0,32.0,32,0,2715
231,8.155381336415115,28.0,32.0,28,0,2707
232,8.221176235593571,28.0,32.0,28,0,2656
233,8.19181383245991,28.0,32.0,28,0,2643
234,8.306968757973832,29.0,32.0,29,0,2656
235,8.586553483910041,28.0,32.0,28,0,2653
236,8.360085535123424,28.0,32.0,28,0,2650
237,8.636983857136308,29.0,32.0,29,0,2634
238,8.742805508755971,29.0,32.0,29,0,2628
239,8.261878208091208,29.0,32.0,29,0,2656
240,8.606945028163105,29.0,32.0,29,0,2694
241,8.318609513344455,28.0,32.0,28,0,2686
242,8.441610223024654,28.0,32.0,28,0,2682
243,8.495172466458992,28.0,32.0,28,0,2648
244,8.316702971983343,28.0,32.0,28,0,2677
245,8.398579603293507,28.0,32.0,28,0,2654
246,8.16751247738559,28.0,32.0,28,0,2651
247,8.121290709713447,28.0,32.0,28,0,2643
248,8.120999176383023,28.0,32.0,28,0,2634
249,8.377536228874499,28.0,32.0,28,0,2597
250,8.364127840429289,28.0,32.0,28,0,2608
251,8.4388543211659,30.0,32.0,30,0,2619
252,8.42860803615237,29.0,32.0,29,0,2643
253,8.498851460255358,29.0,32.0,29,0,2647
254,8.36696808744468,29.0,32.0,29,0,2644
255,8.68867786668036,29.0,32.0,29,0,2664
256,8.836522177066929,29.0,32.0,29,0,2670
257,8.626802726992164,29.0,32.0,29,0,2689
258,8.131760142981843,29.0,32.0,29,0,2722
259,8.316017572967128,29.0,32.0,29,0,2726
260,8.099542284536936,29.0,32.0,29,0,2737
261,8.271493533965668,29.0,32.0,29,0,2741
262,8.574265343246232,29.0,32.0,29,0,2726
263,8.123967146066407,30.0,32.0,30,0,2746
264,8.205246308280731,30.0,32.0,30,0,2739
265,8.17332682606797,29.0,32.0,29,0,2746
266,8.103659551219733,30.0,32.0,30,0,2733
267,8.407338039320832,29.0,32.0,29,0,2756
268,8.37577801994101,30.0,32.0,30,0,2753
269,8.287525534279963,29.0,32.0,29,0,2763
270,8.182430477543093,29.0,32.0,29,0,2762
271,8.346748222410369,30.0,32.0,30,0,2761
272,7.860274947735161,30.0,32.0,30,0,2776
273,8.059823085848674,30.0,32.0,30,0,2772
274,8.123511402507805,29.0,32.0,29,0,2765
275,8.09533164317945,29.0,32.0,29,0,2790
276,8.09820496676577,29.0,32.0,29,0,2760
277,8.317190146331896,29.0,32.0,29,0,2747
278,8.214520642306603,30.0,32.0,30,0,2734
279,7.779719883529019,29.0,32.0,29,0,2720
280,7.668632992894024,29.0,32.0,29,0,2712
281,8.05042523740486,29.0,32.0,29,0,2702
282,8.202041438716975,29.0,32.0,29,0,2680
283,8.314651893078448,29.0,32.0,29,0,2663
284,8.321767929288985,29.0,32.0,29,0,2671
285,8.275490685976742,29.0,32.0,29,0,2660
286,8.02345217643795,29.0,32.0,29,0,2707
287,8.296429928115783,29.0,32.0,29,0,2726
288,8.089741655470874,29.0,32.0,29,0,2730
289,8.300688058935686,29.0,32.0,29,0,2717
290,8.550245390388202,29.0,32.0,29,0,2679
291,8.291097747589573,29.0,32.0,29,0,2671
292,7.838734417664296,29.0,32.0,29,0,2666
293,8.080579884112925,29.0,32.0,29,0,2661
294,7.975196124223369,29.0,32.0,29,0,2663
295,8.647946901132856,29.0,32.0,29,0,2661
296,8.098894996946171,29.0,32.0,29,0,2677
297,8.132318521990035,28.0,32.0,28,0,2686
298,8.115638546525581,28.0,32.0,28,0,2678
299,8.001869400890136,28.0,32.0,28,0,2650
300,8.129589669422176,29.0,32.0,29,0,2632
301,8.401576124391816,29.0,32.0,29,0,2619
302,8.301779673998453,29.0,32.0,29,0,2616
303,8.183870504989045,29.0,32.0,29,0,2655
304,7.996340390840239,29.0,32.0,29,0,2655
305,8.13515621034016,29.0,32.0,29,0,2667
306,8.081964309626056,29.0,32.0,29,0,2676
307,8.080397211162857,30.0,32.0,30,0,2673
308,8.01320511183199,29.0,32.0,29,0,2669
309,8.139963554580854,29.0,32.0,29,0,2678
310,8.023872860669767,29.0,32.0,29,0,2663
311,8.374500473839735,29.0,32.0,29,0,2713
312,7.889448403526191,29.0,32.0,29,0,2738
313,7.89074813481987,29.0,32.0,29,0,2743
314,8.267075329772421,30.0,32.0,30,0,2737
315,8.297777193324727,30.0,32.0,30,0,2760
316,7.803676722956185,30.0,32.0,30,0,2770
317,7.656909295735845,30.0,32.0,30,0,2745
318,7.859336392599386,30.0,32.0,30,0,2755
319,8.330270151575975,30.0,32.0,30,0,2754
320,7.880710922755444,29.0,32.0,29,0,2764
321,7.822305112958565,29.0,32.0,29,0,2788
322,7.472417607767387,30.0,32.0,30,0,2801
323,8.14146784562,30.0,32.0,30,0,2756
324,8.330375070788982,30.0,32.0,30,0,2726
325,8.137240152773929,29.0,32.0,29,0,2741
326,7.956961897966104,29.0,32.0,29,0,2737
327,8.165281366315334,29.0,32.0,29,0,2719
328,8.098790167406879,29.0,32.0,29,0,2720
329,8.62239828339962,29.0,32.0,29,0,2718
330,8.510719708182672,28.0,32.0,28,0,2726
331,8.52470663788338,29.0,32.0,29,0,2757
332,7.941218910050826,29.0,32.0,29,0,2784
333,8.041705868509933,29.0,32.0,29,0,2794
334,7.958518464157705,29.0,32.0,29,0,2790
335,7.987401081238498,30.0,32.0,30,0,2782
336,7.913938152497158,30.0,32.0,30,0,2811
337,7.90875654602892,29.0,32.0,29,0,2772
338,7.684386666210235,30.0,32.0,30,0,2786
339,8.342425419996777,29.0,32.0,29,0,2772
340,7.871083638696957,30.0,32.0,30,0,2761
341,8.24405155991474,29.0,32.0,29,0,2789
342,8.16811565325078,28.0,32.0,28,0,2774
343,8.115526422220274,29.0,32.0,29,0,2755
344,8.107612254329458,29.0,32.0,29,0,2744
345,8.216214975445318,31.0,32.0,31,0,2757
346,8.066693932347901,29.0,32.0,29,0,2790
347,8.023893642712263,29.0,32.0,29,0,2775
348,8.06053823934149,29.0,32.0,29,0,2771
349,7.996469081842478,29.0,32.0,29,0,2785
350,7.864659712504304,30.0,32.0,30,0,2784
351,7.955092485401197,29.0,32.0,29,0,2783
352,8.300616286817723,29.0,32.0,29,0,2783
353,7.7179489051543895,30.0,32.0,30,0,2785
354,7.794007699943378,30.0,32.0,30,0,2788
355,7.649658387693782,30.0,32.0,30,0,2780
356,7.9173055151781915,30.0,32.0,30,0,2751
357,7.9226736715944766,30.0,32.0,30,0,2788
358,7.575124230680797,29.0,32.0,29,0,2820
359,7.526716675710647,29.0,32.0,29,0,2854
360,7.935177399911708,29.0,32.0,29,0,2790
361,8.130572752572832,29.0,32.0,29,0,2736
362,8.239392026941337,29.0,32.0,29,0,2778
363,8.15278196007199,29.0,32.0,29,0,2779
364,8.298897873136942,29.0,32.0,29,0,2768
365,8.206852058633473,29.0,32.0,29,0,2799
366,8.043138954629736,29.0,32.0,29,0,2828
367,8.093319285940572,30.0,32.0,30,0,2848
368,7.9135961213678625,29.0,32.0,29,0,2852
369,7.89061069362616,29.0,32.0,29,0,2823
370,7.854071737703011,29.0,32.0,29,0,2784
371,8.424093995329091,28.0,32.0,28,0,2764
372,7.671361764932789,28.0,32.0,28,0,2758
373,8.07304471634442,29.0,32.0,29,0,2766
374,8.283362650379889,28.0,32.0,28,0,2735
375,8.278214608628213,29.0,32.0,29,0,2734
376,8.185564271297988,30.0,32.0,30,0,2718
377,7.828516124970488,29.0,32.0,29,0,2733
378,8.518310884438282,30.0,32.0,30,0,2743
379,8.385447318712469,30.0,32.0,30,0,2712
380,8.293633305980784,30.0,32.0,30,0,2735
381,8.426537137016048,30.0,32.0,30,0,2725
382,8.327317786124853,30.0,32.0,30,0,2690
383,8.584050642417314,30.0,32.0,30,0,2656
384,8.28032508836682,29.0,32.0,29,0,2679
385,8.199620796470795,29.0,32.0,29,0,2653
386,8.26544975467067,28.0,32.0,28,0,2631
387,8.629500055946433,28.0,32.0,28,0,2616
388,8.668293616993973,30.0,32.0,30,0,2625
389,8.381777999150218,30.0,32.0,30,0,2628
390,8.398489656507618,30.0,32.0,30,0,2645
391,8.319928493737958,30.0,32.0,30,0,2643
392,8.453833527893389,29.0,32.0,29,0,2644
393,8.236714963445495,29.0,32.0,29,0,2643
394,8.041840322406962,29.0,32.0,29,0,2675
395,8.427696841587878,30.0,32.0,30,0,2705
396,7.956817520100497,31.0,32.0,31,0,2718
397,7.829105732835845,30.0,32.0,30,0,2749
398,7.925223064541468,29.0,32.0,29,0,2740
399,7.800797893194135,29.0,32.0,29,0,2741
400,8.247432478777965,31.0,32.0,31,0,2770
401,7.912745599431221,29.0,32.0,29,0,2757
402,8.223546269295365,29.0,32.0,29,0,2752
403,8.14269537291709,31.0,32.0,31,0,2753
404,8.195370612272214,29.0,32.0,29,0,2757
405,8.010881211781333,29.0,32.0,29,0,2771
406,8.083787528754748,30.0,32.0,30,0,2758
407,8.001204512699632,30.0,32.0,30,0,2715
408,8.115186928989791,30.0,32.0,30,0,2742
409,8.271351934506116,30.0,32.0,30,0,2698
410,8.281489313333529,30.0,32.0,30,0,2727
411,8.160405799537159,30.0,32.0,30,0,2746
412,8.036329412825603,30.0,32.0,30,0,2723
413,7.958025308486033,30.0,32.0,30,0,2722
414,8.182175052851777,30.0,32.0,30,0,2678
415,8.11104749802993,30.0,32.0,30,0,2662
416,8.275387244832404,30.0,32.0,30,0,2673
417,8.384400955003542,30.0,32.0,30,0,2664
418,8.422528104067437,30.0,32.0,30,0,2667
419,8.349143010896515,30.0,32.0,30,0,2696
420,8.102534999605556,30.0,32.0,30,0,2755
421,7.496594434573116,30.0,32.0,30,0,2784
422,7.856770688227695,30.0,32.0,30,0,2747
423,7.872939821309969,30.0,32.0,30,0,2771
424,8.138272864403765,30.0,32.0,30,0,2766
425,8.151613334587381,30.0,32.0,30,0,2780
426,7.859383425631538,30.0,32.0,30,0,2790
427,8.194497427154133,30.0,32.0,30,0,2811
428,7.726188250073741,31.0,32.0,31,0,2837
429,7.646493964452921,30.0,32.0,30,0,2855
430,7.5177443208223895,30.0,32.0,30,0,2814
431,7.903721764458845,30.0,32.0,30,0,2801
432,8.013311472677886,30.0,32.0,30,0,2805
433,7.600502760710783,30.0,32.0,30,0,2822
434,7.970204952037027,30.0,32.0,30,0,2806
435,7.775240918640293,30.0,32.0,30,0,2787
436,7.618792619597728,30.0,32.0,30,0,2789
437,7.661083640858212,30.0,32.0,30,0,2780
438,7.7732989931075664,30.0,32.0,30,0,2776
439,7.8545616662955196,30.0,32.0,30,0,2766
440,7.6911698598601825,30.0,32.0,30,0,2785
441,7.985365577400663,30.0,32.0,30,0,2801
442,7.807875132475326,31.0,32.0,31,0,2801
443,7.86982225605924,30.0,32.0,30,0,2788
444,7.9567226000015365,29.0,32.0,29,0,2805
445,7.868643718269794,30.0,32.0,30,0,2820
446,7.693227992091603,30.0,32.0,30,0,2804
447,7.822482056758236,29.0,32.0,29,0,2787
448,7.771410121746854,30.0,32.0,30,0,2769
449,7.809159100044334,30.0,32.0,30,0,2750
450,8.045080819206,31.0,32.0,31,0,2733
451,8.297830344392803,31.0,32.0,31,0,2739
452,8.033562629084678,31.0,32.0,31,0,2754
453,7.961082034879123,30.0,32.0,30,0,2761
454,8.052567829480907,30.0,32.0,30,0,2750
455,7.734080681835235,29.0,32.0,29,0,2764
456,7.976537740982772,30.0,32.0,30,0,2739
457,8.316396223756955,29.0,32.0,29,0,2741
458,8.50758348685376,30.0,32.0,30,0,2716
459,8.030955454969115,30.0,32.0,30,0,2716
460,8.154962945369029,30.0,32.0,30,0,2763
461,8.146642008198576,30.0,32.0,30,0,2746
462,8.04540823944783,30.0,32.0,30,0,2753
463,8.487975352034308,30.0,32.0,30,0,2740
464,8.626920625024878,30.0,32.0,30,0,2770
465,8.06361427874179,30.0,32.0,30,0,2815
466,7.823721753505019,30.0,32.0,30,0,2830
467,7.505004920935993,30.0,32.0,30,0,2786
468,7.819169920394712,30.0,32.0,30,0,2778
469,7.994717884061375,30.0,32.0,30,0,2745
470,8.221012180327557,30.0,32.0,30,0,2749
471,8.120823344430402,30.0,32.0,30,0,2758
472,8.412266579546328,31.0,32.0,31,0,2759
473,8.02145571121389,30.0,32.0,30,0,2749
474,8.203104164573698,30.0,32.0,30,0,2746
475,7.846751057137376,29.0,32.0,29,0,2736
476,7.6779954824172725,29.0,32.0,29,0,2764
477,7.507907461099106,30.0,32.0,30,0,2749
478,7.460307219674091,29.0,32.0,29,0,2748
479,7.95098679616927,31.0,32.0,31,0,2759
480,7.930046159139532,31.0,32.0,31,0,2758
481,7.970185342152046,31.0,32.0,31,0,2735
482,8.179909996181703,31.0,32.0,31,0,2732
483,8.364164005635986,31.0,32.0,31,0,2733
484,8.395241969289334,31.0,32.0,31,0,2743
485,8.18929324882478,31.0,32.0,31,0,2781
486,8.0050352430717,30.0,32.0,30,0,2772
487,8.534531679491769,30.0,32.0,30,0,2753
488,8.18526044636429,30.0,32.0,30,0,2744
489,8.391819869876255,29.0,32.0,29,0,2753
490,8.422815924716067,29.0,32.0,29,0,2741
491,8.180080159938584,30.0,32.0,30,0,2738
492,8.294812443017937,30.0,32.0,30,0,2727
493,8.105309811819312,30.0,32.0,30,0,2718
494,7.626601108686964,30.0,32.0,30,0,2760
495,7.842679475402437,30.0,32.0,30,0,2779
496,7.845911210427656,29.0,32.0,29,0,2759
497,7.9042935748257745,30.0,32.0,30,0,2740
498,8.196916900020096,30.0,32.0,30,0,2738
499,8.292555841283802,30.0,32.0,30,0,2732
500,7.924545387530822,30.0,32.0,30,0,2738
501,7.898745603285509,30.0,32.0,30,0,2723
502,7.951176492530023,30.0,32.0,30,0,2709
503,7.75425891544197,30.0,32.0,30,0,2721
504,7.884434765651343,30.0,32.0,30,0,2718
505,7.944922147873816,30.0,32.0,30,0,2706
506,8.048988966662906,30.0,32.0,30,0,2692
507,7.962691788075166,30.0,32.0,30,0,2728
508,7.9431665612616404,30.0,32.0,30,0,2745
509,7.904599521259932,30.0,32.0,30,0,2761
510,7.775473232347294,30.0,32.0,30,0,2757
511,7.842948341259856,29.0,32.0,29,0,2739
512,7.864205624769464,29.0,32.0,29,0,2738
513,7.695499296691116,28.0,32.0,28,0,2747
514,7.760348858736719,30.0,32.0,30,0,2753
515,7.8096530589008655,28.0,32.0,28,0,2751
516,8.183146454065474,30.0,32.0,30,0,2745
517,8.230199898858888,28.0,32.0,28,0,2761
518,7.975908275036603,28.0,32.0,28,0,2753
519,8.254932894680561,28.0,32.0,28,0,2750
520,8.026456636850755,29.0,32.0,29,0,2786
521,7.819964504909889,29.0,32.0,29,0,2796
522,8.006565919022142,29.0,32.0,29,0,2813
523,8.14309595859677,29.0,32.0,29,0,2770
524,7.965507580058188,30.0,32.0,30,0,2725
525,8.02704873635526,30.0,32.0,30,0,2694
526,8.379977576218579,30.0,32.0,30,0,2695
527,8.151035585986296,30.0,32.0,30,0,2682
528,8.381021343745479,31.0,32.0,31,0,2659
529,8.61807146400841,31.0,32.0,31,0,2662
530,8.324757219013355,31.0,32.0,31,0,2690
531,8.240129818440973,31.0,32.0,31,0,2701
532,8.118129236693653,31.0,32.0,31,0,2738
533,8.054727003268745,31.0,32.0,31,0,2818
534,7.9925305812456235,30.0,32.0,30,0,2839
535,7.976526186183128,30.0,32.0,30,0,2844
536,7.942818698011738,30.0,32.0,30,0,2833
537,7.819994046070452,30.0,32.0,30,0,2856
538,8.06228776530086,30.0,32.0,30,0,2854
539,7.874808396285849,30.0,32.0,30,0,2849
540,7.836322138425345,30.0,32.0,30,0,2862
541,7.675049203052983,30.0,32.0,30,0,2861
542,7.776026918407976,30.0,32.0,30,0,2815
543,7.691643990636484,30.0,32.0,30,0,2764
544,7.3489958824081025,30.0,32.0,30,0,2741
545,7.757744244447933,30.0,32.0,30,0,2745
546,7.843826061282571,28.0,32.0,28,0,2729
547,8.008734290966899,30.0,32.0,30,0,2733
548,7.7672679793710815,27.0,32.0,27,0,2741
549,7.941964575615193,27.0,32.0,27,0,2707
550,7.710000754422711,27.0,32.0,27,0,2670
551,7.991596596264953,29.0,32.0,29,0,2637
552,8.2632759464336,30.0,32.0,30,0,2609
553,8.383697926466427,31.0,32.0,31,0,2613
554,8.224143009662914,31.0,32.0,31,0,2632
555,8.267449716801536,31.0,32.0,31,0,2649
556,8.31028877020971,30.0,32.0,30,0,2655
557,8.40056625201594,29.0,32.0,29,0,2681
558,8.43826673648301,31.0,32.0,31,0,2679
559,8.350289198855112,31.0,32.0,31,0,2665
560,7.9306048045373645,31.0,32.0,31,0,2677
561,8.583111131956217,31.0,32.0,31,0,2650
562,8.655708138589347,31.0,32.0,31,0,2639
563,8.564672570891531,31.0,32.0,31,0,2675
564,8.272087674313575,29.0,32.0,29,0,2665
565,8.158047109086704,28.0,32.0,28,0,2653
566,8.198889108787013,28.0,32.0,28,0,2692
567,8.532232019960224,30.0,32.0,30,0,2697
568,8.452418613315148,30.0,32.0,30,0,2725
569,8.267383871923483,30.0,32.0,30,0,2739
570,8.054953858576676,30.0,32.0,30,0,2751
571,8.457160753958368,30.0,32.0,30,0,2754
572,8.287993179912862,30.0,32.0,30,0,2789
573,7.9702725473954565,31.0,32.0,31,0,2800
574,7.94251739290822,30.0,32.0,30,0,2800
575,7.720537723527989,28.0,32.0,28,0,2771
576,7.864762469962119,30.0,32.0,30,0,2734
577,8.224978410671278,30.0,32.0,30,0,2741
578,7.791274403845138,29.0,32.0,29,0,2692
579,7.870056840125801,29.0,32.0,29,0,2731
580,7.994708686370479,29.0,32.0,29,0,2686
581,8.024935153754774,29.0,32.0,29,0,2659
582,7.990470859185919,29.0,32.0,29,0,2644
583,7.908161121908686,29.0,32.0,29,0,2611
584,8.046532060769536,29.0,32.0,29,0,2644
585,7.845832541849505,28.0,32.0,28,0,2666
586,7.843956232227503,29.0,32.0,29,0,2656
587,8.170833492862947,29.0,32.0,29,0,2636
588,8.062471453223054,29.0,32.0,29,0,2611
589,8.266180084819977,29.0,32.0,29,0,2585
590,8.149143415841257,28.0,32.0,28,0,2590
591,8.287812760745519,30.0,32.0,30,0,2601
592,8.600004805053157,30.0,32.0,30,0,2611
593,8.117223214236022,30.0,32.0,30,0,2607
594,8.556331244265182,30.0,32.0,30,0,2603
595,8.550565233228916,30.0,32.0,30,0,2612
596,8.704400023969379,30.0,32.0,30,0,2642
597,8.82971403861905,30.0,32.0,30,0,2684
598,8.457561474657643,30.0,32.0,30,0,2717
599,8.968631793923166,30.0,32.0,30,0,2717
600,8.45177433046629,30.0,32.0,30,0,2749
601,8.434512683142808,30.0,32.0,30,0,2803
602,7.858399436405137,30.0,32.0,30,0,2784
603,8.207220619136448,30.0,32.0,30,0,2774
604,8.404381029582764,30.0,32.0,30,0,2750
605,7.9744442194158225,30.0,32.0,30,0,2725
606,7.778696736714787,31.0,32.0,31,0,2750
607,7.952152746888735,31.0,32.0,31,0,2731
608,8.403944441296042,31.0,32.0,31,0,2742
609,8.183644119579581,31.0,32.0,31,0,2780
610,8.069885018541374,30.0,32.0,30,0,2817
611,8.089196972513376,31.0,32.0,31,0,2790
612,8.167418887230912,31.0,32.0,31,0,2757
613,8.540317338639491,31.0,32.0,31,0,2742
614,8.062263072822725,31.0,32.0,31,0,2762
615,8.271951991343986,31.0,32.0,31,0,2766
616,8.053781668661273,31.0,32.0,31,0,2745
617,8.316574212373233,31.0,32.0,31,0,2755
618,8.187517819583151,32.0,32.0,32,0,2748
619,8.318826650780524,30.0,32.0,30,0,2749
620,8.265735839877317,30.0,32.0,30,0,2751
621,8.31578070013429,30.0,32.0,30,0,2742
622,7.938627758867022,29.0,32.0,29,0,2763
623,8.173177926643593,31.0,32.0,31,0,2766
624,8.040969607891078,30.0,32.0,30,0,2744
625,7.6810554649696545,30.0,32.0,30,0,2746
626,7.676188514006078,30.0,32.0,30,0,2778
627,7.707515445090782,30.0,32.0,30,0,2756
628,7.921654127622526,30.0,32.0,30,0,2751
629,8.067201479388915,30.0,32.0,30,0,2757
630,8.159218951116282,30.0,32.0,30,0,2727
631,8.299273942547805,30.0,32.0,30,0,2723
632,7.872807283059084,28.0,32.0,28,0,2762
633,7.939659947817675,28.0,32.0,28,0,2750
634,8.170037539465609,27.0,32.0,27,0,2712
635,8.313883953347787,27.0,32.0,27,0,2698
636,8.403099682050698,30.0,32.0,30,0,2730
637,8.1436676300019,30.0,32.0,30,0,2740
638,8.11225300809372,30.0,32.0,30,0,2754
639,8.495712866563325,30.0,32.0,30,0,2774
640,7.832103106215404,30.0,32.0,30,0,2753
641,8.1904887699433,30.0,32.0,30,0,2775
642,8.198570306355682,30.0,32.0,30,0,2770
643,8.247992967664826,32.0,32.0,32,0,2779
644,8.511403911632584,32.0,32.0,32,0,2744
645,8.33176377277652,31.0,32.0,31,0,2751
646,8.309884515435128,31.0,32.0,31,0,2769
647,8.159355796536934,31.0,32.0,31,0,2763
648,7.970082515490637,31.0,32.0,31,0,2783
649,8.554410162319307,30.0,32.0,30,0,2781
650,7.9574519917126825,30.0,32.0,30,0,2809
651,8.157396221055514,29.0,32.0,29,0,2824
652,8.177510602478286,29.0,32.0,29,0,2813
653,8.055977583861301,30.0,32.0,30,0,2788
654,7.724301615291947,30.0,32.0,30,0,2786
655,8.462039381242235,30.0,32.0,30,0,2754
656,8.254865873391468,31.0,32.0,31,0,2731
657,8.490539075769709,31.0,32.0,31,0,2746
658,8.36966921544683,30.0,32.0,30,0,2782
659,8.055998247899524,30.0,32.0,30,0,2730
660,8.199735725703743,30.0,32.0,30,0,2782
661,8.204161283003272,30.0,32.0,30,0,2772
662,8.133960750736914,30.0,32.0,30,0,2760
663,7.882233654883892,30.0,32.0,30,0,2699
664,7.905360343916384,30.0,32.0,30,0,2653
665,8.255087261349495,30.0,32.0,30,0,2631
666,8.209385377979071,30.0,32.0,30,0,2651
667,8.07090637540544,30.0,32.0,30,0,2662
668,8.075137955128103,30.0,32.0,30,0,2676
669,8.174740018013363,29.0,32.0,29,0,2677
670,8.290971157130535,28.0,32.0,28,0,2677
671,8.539299085372203,29.0,32.0,29,0,2680
672,8.267639649304083,29.0,32.0,29,0,2629
673,8.517449748550064,32.0,32.0,32,0,2590
674,8.329426667163055,31.0,32.0,31,0,2591
675,8.574476228124734,30.0,32.0,30,0,2586
676,8.608239502942729,30.0,32.0,30,0,2616
677,8.840765093927866,30.0,32.0,30,0,2595
678,8.48629520232652,30.0,32.0,30,0,2611
679,8.652225943096159,29.0,32.0,29,0,2619
680,8.356588754852627,29.0,32.0,29,0,2616
681,8.589195619263977,29.0,32.0,29,0,2647
682,8.50163611360905,30.0,32.0,30,0,2592
683,8.728120283667733,30.0,32.0,30,0,2584
684,8.6222081562582,30.0,32.0,30,0,2612
685,8.462583518985012,30.0,32.0,30,0,2682
686,8.132168047708847,30.0,32.0,30,0,2745
687,8.288528041503568,30.0,32.0,30,0,2737
688,8.225140657621022,30.0,32.0,30,0,2713
689,8.701449069578526,30.0,32.0,30,0,2704
690,8.608673840407,30.0,32.0,30,0,2685
691,8.406374156694579,30.0,32.0,30,0,2736
692,8.102731960956433,30.0,32.0,30,0,2703
693,7.788152821563427,30.0,32.0,30,0,2690
694,7.979804065184106,30.0,32.0,30,0,2609
695,8.330377411806563,30.0,32.0,30,0,2585
696,8.480235470360915,29.0,32.0,29,0,2588
697,8.358663037967542,29.0,32.0,29,0,2569
698,8.868524214774194,29.0,32.0,29,0,2557
699,8.57681627802185,29.0,32.0,29,0,2580
700,8.714657166629413,29.0,32.0,29,0,2587
701,8.847539604514061,29.0,32.0,29,0,2583
702,8.967651359782401,29.0,32.0,29,0,2579
703,8.938406485851138,29.0,32.0,29,0,2568
704,9.091402897307773,29.0,32.0,29,0,2575
705,8.928731791938318,29.0,32.0,29,0,2596
706,8.768018026844668,30.0,32.0,30,0,2610
707,8.574213569155823,30.0,32.0,30,0,2609
708,8.421760734945313,30.0,32.0,30,0,2625
709,8.490610337147297,30.0,32.0,30,0,2627
710,8.566505805472717,30.0,32.0,30,0,2588
711,8.756533545302835,29.0,32.0,29,0,2576
712,8.834818303709504,29.0,32.0,29,0,2575
713,8.709052920702886,29.0,32.0,29,0,2578
714,8.824001995874823,32.0,32.0,32,0,2601
715,8.766278048161627,29.0,32.0,29,0,2632
716,8.420626007325106,32.0,32.0,32,0,2667
717,8.446622529162083,29.0,32.0,29,0,2685
718,8.626778364220888,29.0,32.0,29,0,2662
719,8.586287903809765,30.0,32.0,30,0,2645
720,8.666790821119456,30.0,32.0,30,0,2613
721,8.872181212833919,30.0,32.0,30,0,2590
722,8.226662219588656,30.0,32.0,30,0,2642
723,8.59120554732106,30.0,32.0,30,0,2666
724,8.449607070772657,30.0,32.0,30,0,2675
725,8.468914760273254,29.0,32.0,29,0,2663
726,8.537927754355948,29.0,32.0,29,0,2655
727,8.443668078567306,29.0,32.0,29,0,2697
728,8.124510072046297,29.0,32.0,29,0,2697
729,8.562921621746904,29.0,32.0,29,0,2704
730,8.245304332123734,29.0,32.0,29,0,2760
731,8.342669257163783,29.0,32.0,29,0,2758
732,8.023093892401608,30.0,32.0,30,0,2759
733,8.15464151275092,32.0,32.0,32,0,2751
734,8.088033570639958,32.0,32.0,32,0,2741
735,8.512727200108527,32.0,32.0,32,0,2741
736,8.291796888930712,32.0,32.0,32,0,2730
737,8.237731869299523,30.0,32.0,30,0,2770
738,7.82764696366347,30.0,32.0,30,0,2775
739,7.9284685613271,32.0,32.0,32,0,2768
740,8.087286394752807,31.0,32.0,31,0,2742
741,8.115278662046888,30.0,32.0,30,0,2731
742,7.934009896690349,30.0,32.0,30,0,2751
743,8.078524685875811,29.0,32.0,29,0,2769
744,8.020032754524005,29.0,32.0,29,0,2760
745,8.02559128780213,29.0,32.0,29,0,2751
746,8.092364246955942,29.0,32.0,29,0,2721
747,8.169040530550602,30.0,32.0,30,0,2700
748,8.22292081974291,31.0,32.0,31,0,2690
749,8.300146846219715,29.0,32.0,29,0,2696
750,8.351412572408114,29.0,32.0,29,0,2696
751,8.00842402364317,29.0,32.0,29,0,2685
752,8.06124140146065,29.0,32.0,29,0,2701
753,8.16179757864789,29.0,32.0,29,0,2695
754,8.07296216011128,29.0,32.0,29,0,2704
755,7.813177169206583,29.0,32.0,29,0,2730
756,7.933458644482182,29.0,32.0,29,0,2705
757,8.18565549697133,29.0,32.0,29,0,2699
758,8.461512384691716,29.0,32.0,29,0,2707
759,7.8916616907856945,30.0,32.0,30,0,2716
760,8.068992298085464,30.0,32.0,30,0,2686
761,8.113379851973827,30.0,32.0,30,0,2692
762,8.204542521202816,30.0,32.0,30,0,2673
763,8.353665353020626,30.0,32.0,30,0,2653
764,8.51077069390637,30.0,32.0,30,0,2630
765,8.571737508939265,29.0,32.0,29,0,2635
766,8.522941666036282,29.0,32.0,29,0,2652
767,8.29089162357414,29.0,32.0,29,0,2667
768,8.489246579019357,29.0,32.0,29,0,2686
769,8.17119805293744,29.0,32.0,29,0,2686
770,8.264589198752814,30.0,32.0,30,0,2659
771,8.308847483751778,31.0,32.0,31,0,2633
772,8.308279388594,31.0,32.0,31,0,2653
773,8.208380023212737,31.0,32.0,31,0,2671
774,8.287452330082846,31.0,32.0,31,0,2665
775,7.97247333400796,31.0,32.0,31,0,2659
776,8.189430357638162,31.0,32.0,31,0,2667
777,8.174762022704128,31.0,32.0,31,0,2649
778,8.219588868897024,30.0,32.0,30,0,2662
779,7.962848953062836,32.0,32.0,32,0,2630
780,8.205078619429838,29.0,32.0,29,0,2624
781,8.260786353269683,31.0,32.0,31,0,2606
782,8.262217030236501,31.0,32.0,31,0,2630
783,8.221742628591379,29.0,32.0,29,0,2605
784,8.18612740249009,29.0,32.0,29,0,2623
785,8.257686695086722,32.0,32.0,32,0,2613
786,8.46467924086815,31.0,32.0,31,0,2637
787,8.145254110975825,30.0,32.0,30,0,2642
788,8.031600031177856,29.0,32.0,29,0,2647
789,8.283468284353978,30.0,32.0,30,0,2640
790,8.332478367436298,31.0,32.0,31,0,2651
791,8.03073154012881,29.0,32.0,29,0,2691
792,8.016652091390068,30.0,32.0,30,0,2681
793,8.193065755097242,28.0,32.0,28,0,2647
794,8.248436860083723,29.0,32.0,29,0,2625
795,8.155861262861329,29.0,32.0,29,0,2605
796,8.09316483107028,30.0,32.0,30,0,2636
797,8.353910394868898,30.0,32.0,30,0,2630
798,8.246695509584201,30.0,32.0,30,0,2627
799,8.405644861962685,29.0,32.0,29,0,2622
800,8.318268507940529,29.0,32.0,29,0,2639
801,8.198967345773738,30.0,32.0,30,0,2644
802,8.388666628843877,30.0,32.0,30,0,2650
803,7.859346331264652,29.0,32.0,29,0,2655
804,8.067269372425498,30.0,32.0,30,0,2639
805,8.265996798231672,30.0,32.0,30,0,2592
806,8.710675054354375,30.0,32.0,30,0,2579
807,8.469717003636916,30.0,32.0,30,0,2589
808,8.480411220367973,31.0,32.0,31,0,2604
809,8.294894150731597,30.0,32.0,30,0,2623
810,8.535558814142874,30.0,32.0,30,0,2602
811,8.438120198146931,30.0,32.0,30,0,2619
812,8.444956613284697,30.0,32.0,30,0,2612
813,8.2966479089259,30.0,32.0,30,0,2650
814,8.006414154653815,30.0,32.0,30,0,2619
815,8.170589310158327,30.0,32.0,30,0,2619
816,8.17961606607225,31.0,32.0,31,0,2676
817,7.932341067740152,30.0,32.0,30,0,2667
818,7.8612927066469975,30.0,32.0,30,0,2706
819,8.060867153007392,30.0,32.0,30,0,2691
820,7.871685802866101,30.0,32.0,30,0,2690
821,8.142616892505464,30.0,32.0,30,0,2740
822,7.648513148554784,30.0,32.0,30,0,2791
823,7.861994929748525,30.0,32.0,30,0,2781
824,7.917837228229982,30.0,32.0,30,0,2774
825,7.535740996920609,30.0,32.0,30,0,2805
826,7.662285505122463,30.0,32.0,30,0,2818
827,7.615638112266648,29.0,32.0,29,0,2807
828,8.000578226566194,29.0,32.0,29,0,2840
829,7.798762206346398,29.0,32.0,29,0,2836
830,7.673688135282034,30.0,32.0,30,0,2837
831,7.7285690739401804,30.0,32.0,30,0,2826
832,7.403480391980757,30.0,32.0,30,0,2791
833,7.360396912653276,30.0,32.0,30,0,2822
834,7.274954876970568,32.0,32.0,32,0,2798
835,7.909907589947494,28.0,32.0,28,0,2743
836,7.862207628470493,28.0,32.0,28,0,2729
837,7.71644035874529,28.0,32.0,28,0,2713
838,8.22738821203146,28.0,32.0,28,0,2685
839,8.08236227432997,30.0,32.0,30,0,2657
840,8.346531431944724,28.0,32.0,28,0,2628
841,8.530062591114445,28.0,32.0,28,0,2646
842,8.1134071892893,29.0,32.0,29,0,2651
843,8.443440996431065,30.0,32.0,30,0,2667
844,8.33649584123143,30.0,32.0,30,0,2666
845,8.035617501916414,30.0,32.0,30,0,2650
846,7.596239886705691,30.0,32.0,30,0,2653
847,7.767219379770461,30.0,32.0,30,0,2649
848,7.731949267363122,29.0,32.0,29,0,2591
849,8.126367052222301,28.0,32.0,28,0,2548
850,8.061316620730489,30.0,32.0,30,0,2570
851,8.113721747020668,28.0,32.0,28,0,2611
852,7.923315761082201,28.0,32.0,28,0,2621
853,8.466269160690779,29.0,32.0,29,0,2610
854,8.264569744748382,30.0,32.0,30,0,2618
855,7.875423697313744,30.0,32.0,30,0,2604
856,8.251356819118925,28.0,32.0,28,0,2622
857,7.899819769396108,28.0,32.0,28,0,2574
858,8.457844098731268,29.0,32.0,29,0,2568
859,8.539032637256993,28.0,32.0,28,0,2557
860,8.625585350751619,28.0,32.0,28,0,2609
861,8.397293009330195,28.0,32.0,28,0,2647
862,7.84586480396407,30.0,32.0,30,0,2663
863,7.998206613863088,30.0,32.0,30,0,2683
864,8.005686707388433,29.0,32.0,29,0,2683
865,8.499543212798333,29.0,32.0,29,0,2707
866,7.978615051320306,29.0,32.0,29,0,2698
867,8.142500771430129,29.0,32.0,29,0,2732
868,7.999504818333239,28.0,32.0,28,0,2678
869,7.977264756994702,28.0,32.0,28,0,2667
870,8.064749907116145,28.0,32.0,28,0,2693
871,8.383425382258137,28.0,32.0,28,0,2661
872,8.27196518380485,28.0,32.0,28,0,2657
873,8.07690084562361,28.0,32.0,28,0,2659
874,8.34093995548973,28.0,32.0,28,0,2644
875,8.458446631575791,28.0,32.0,28,0,2635
876,8.144652594337142,28.0,32.0,28,0,2645
877,8.224793681125506,28.0,32.0,28,0,2688
878,8.258592009195318,29.0,32.0,29,0,2704
879,8.339187231647808,30.0,32.0,30,0,2673
880,8.385994881285988,30.0,32.0,30,0,2666
881,8.953832787107045,30.0,32.0,30,0,2649
882,8.518633092403276,29.0,32.0,29,0,2664
883,8.266755062667091,30.0,32.0,30,0,2656
884,8.398700526112606,30.0,32.0,30,0,2644
885,8.309653461018124,30.0,32.0,30,0,2627
886,8.552578659534031,30.0,32.0,30,0,2614
887,8.6445042226715,30.0,32.0,30,0,2599
888,8.51164823706291,30.0,32.0,30,0,2606
889,8.132098601051649,30.0,32.0,30,0,2641
890,8.259022009923628,30.0,32.0,30,0,2628
891,8.450850681113527,30.0,32.0,30,0,2650
892,7.874092471281518,30.0,32.0,30,0,2636
893,7.552784378657011,29.0,32.0,29,0,2649
894,8.034885455050848,29.0,32.0,29,0,2607
895,8.448317650257147,31.0,32.0,31,0,2559
896,8.901218505532947,31.0,32.0,31,0,2548
897,8.554629786433399,31.0,32.0,31,0,2590
898,8.210900888104073,31.0,32.0,31,0,2651
899,8.437636438186397,31.0,32.0,31,0,2689
900,8.085543393026002,31.0,32.0,31,0,2701
901,8.281132824596867,31.0,32.0,31,0,2758
902,8.120669945006968,29.0,32.0,29,0,2737
903,8.245403914687502,29.0,32.0,29,0,2725
904,8.316654926189285,29.0,32.0,29,0,2706
905,8.065341736217313,29.0,32.0,29,0,2731
906,7.7429168605502605,29.0,32.0,29,0,2757
907,7.9447665016132785,29.0,32.0,29,0,2781
908,7.908102961499299,29.0,32.0,29,0,2770
909,7.876958909803706,29.0,32.0,29,0,2820
910,7.911329341591084,29.0,32.0,29,0,2795
911,7.74988433014118,29.0,32.0,29,0,2776
912,7.75099200801192,29.0,32.0,29,0,2755
913,8.054395885637398,29.0,32.0,29,0,2715
914,8.104713751989019,27.0,32.0,27,0,2694
915,8.034617062102951,29.0,32.0,29,0,2662
916,7.682513444637208,29.0,32.0,29,0,2664
917,8.137916706566058,29.0,32.0,29,0,2631
918,8.10663913089908,29.0,32.0,29,0,2625
919,8.183643040939954,28.0,32.0,28,0,2660
920,8.635783848087664,28.0,32.0,28,0,2688
921,8.480268925589325,29.0,32.0,29,0,2681
922,7.946839410670094,31.0,32.0,31,0,2687
923,8.392192169547814,31.0,32.0,31,0,2657
924,8.339396305490965,31.0,32.0,31,0,2625
925,8.140095934544837,29.0,32.0,29,0,2619
926,8.271963162222159,29.0,32.0,29,0,2607
927,8.660963545756193,29.0,32.0,29,0,2614
928,8.672815271264842,31.0,32.0,31,0,2593
929,8.456739256116158,29.0,32.0,29,0,2600
930,8.931196712645438,29.0,32.0,29,0,2613
931,8.354204856980429,29.0,32.0,29,0,2592
932,8.881139865492562,29.0,32.0,29,0,2568
933,8.29621640982783,29.0,32.0,29,0,2595
934,8.421890884669542,29.0,32.0,29,0,2642
935,8.655288205416449,29.0,32.0,29,0,2660
936,8.57717890557731,29.0,32.0,29,0,2665
937,8.507220525334203,29.0,32.0,29,0,2692
938,8.048001403182868,29.0,32.0,29,0,2682
939,8.567561005949317,29.0,32.0,29,0,2683
940,8.405743260288222,29.0,32.0,29,0,2650
941,8.368116439882765,29.0,32.0,29,0,2641
942,8.319333732652192,29.0,32.0,29,0,2635
943,8.173056832217515,29.0,32.0,29,0,2622
944,8.320494281506562,29.0,32.0,29,0,2606
945,8.383950177594087,29.0,32.0,29,0,2584
946,8.480726929672986,29.0,32.0,29,0,2593
947,8.452827008705631,30.0,32.0,30,0,2608
948,8.084581199040294,30.0,32.0,30,0,2654
949,8.160760967014038,30.0,32.0,30,0,2650
950,8.085640400434334,30.0,32.0,30,0,2638
951,8.411691433394202,30.0,32.0,30,0,2634
952,8.30184580597352,30.0,32.0,30,0,2670
953,8.64572887222626,30.0,32.0,30,0,2666
954,8.493636265165442,30.0,32.0,30,0,2679
955,8.17951274102621,30.0,32.0,30,0,2701
956,8.81090355811729,30.0,32.0,30,0,2691
957,8.311630635416451,30.0,32.0,30,0,2707
958,8.37021065883347,30.0,32.0,30,0,2705
959,8.351840575201397,30.0,32.0,30,0,2723
960,8.253210227260988,30.0,32.0,30,0,2711
961,8.257960246807436,30.0,32.0,30,0,2729
962,7.62019670802124,30.0,32.0,30,0,2712
963,7.929020776137275,29.0,32.0,29,0,2706
964,8.00367948010532,30.0,32.0,30,0,2700
965,8.179638889937397,30.0,32.0,30,0,2694
966,8.01567154894293,29.0,32.0,29,0,2725
967,8.203433582054796,29.0,32.0,29,0,2715
968,8.437142432915543,30.0,32.0,30,0,2708
969,8.488288028657276,31.0,32.0,31,0,2687
970,8.163222649194712,31.0,32.0,31,0,2700
971,7.9127990432323205,30.0,32.0,30,0,2720
972,7.848853732231374,30.0,32.0,30,0,2717
973,7.93135564807118,30.0,32.0,30,0,2713
974,8.174807539871228,31.0,32.0,31,0,2765
975,8.040975001655143,30.0,32.0,30,0,2744
976,7.921526339740016,30.0,32.0,30,0,2758
977,7.889840360697907,30.0,32.0,30,0,2736
978,8.28295159886068,30.0,32.0,30,0,2749
979,7.959647618354913,29.0,32.0,29,0,2737
980,7.888267835298604,30.0,32.0,30,0,2744
981,7.764296409742274,29.0,32.0,29,0,2759
982,7.962886731210193,29.0,32.0,29,0,2736
983,8.083992523921584,32.0,32.0,32,0,2707
984,7.947616644146579,32.0,32.0,32,0,2695
985,8.04250955876996,32.0,32.0,32,0,2647
986,7.958479628297043,32.0,32.0,32,0,2611
987,8.189105841948003,32.0,32.0,32,0,2586
988,8.176220079164244,32.0,32.0,32,0,2644
989,8.24788717966552,30.0,32.0,30,0,2676
990,8.742189679588714,30.0,32.0,30,0,2706
991,8.499937065117765,30.0,32.0,30,0,2685
992,7.879415554538619,31.0,32.0,31,0,2712
993,7.858963698539611,30.0,32.0,30,0,2693
994,7.76678015178636,30.0,32.0,30,0,2675
995,7.871590161069384,31.0,32.0,31,0,2663
996,7.96933957952827,30.0,32.0,30,0,2667
997,7.952232604415616,30.0,32.0,30,0,2660
998,8.034464785539333,30.0,32.0,30,0,2686
999,8.047834759488302,30.0,32.0,30,0,2679
1000,8.189426456386682,30.0,32.0,30,0,2684
1001,7.9830527225500205,30.0,32.0,30,0,2693
1002,8.092820043689025,30.0,32.0,30,0,2694
1003,8.138360848167359,31.0,32.0,31,0,2699
1004,8.144378734877815,30.0,32.0,30,0,2687
1005,8.203417860091605,30.0,32.0,30,0,2674
1006,8.142134978255507,29.0,32.0,29,0,2648
1007,8.210441863867798,30.0,32.0,30,0,2681
1008,8.177312019843361,28.0,32.0,28,0,2661
1009,8.354041182663325,31.0,32.0,31,0,2657
1010,8.50780181212593,29.0,32.0,29,0,2634
1011,8.47893625163309,29.0,32.0,29,0,2645
1012,8.288171819169678,29.0,32.0,29,0,2611
1013,8.014170601521437,31.0,32.0,31,0,2607
1014,8.233257766964408,31.0,32.0,31,0,2619
1015,8.13020953545524,31.0,32.0,31,0,2648
1016,8.226916583559797,31.0,32.0,31,0,2638
1017,8.239012400171257,31.0,32.0,31,0,2668
1018,8.252229508358308,31.0,32.0,31,0,2724
1019,8.2188214731587,31.0,32.0,31,0,2721
1020,8.17506212623805,31.0,32.0,31,0,2723
1021,7.887403007926485,29.0,32.0,29,0,2752
1022,8.019659701678993,32.0,32.0,32,0,2722
1023,8.123576317326092,32.0,32.0,32,0,2727
1024,7.90010956896847,30.0,32.0,30,0,2769
1025,7.679847017098515,30.0,32.0,30,0,2731
1026,7.42406372614925,30.0,32.0,30,0,2739
1027,7.563070657194441,30.0,32.0,30,0,2739
1028,7.7611898184660015,30.0,32.0,30,0,2740
1029,8.09838467065173,30.0,32.0,30,0,2727
1030,8.223559163326794,30.0,32.0,30,0,2759
1031,8.087827197568453,30.0,32.0,30,0,2804
1032,7.967497751027892,30.0,32.0,30,0,2831
1033,7.982964917580487,28.0,32.0,28,0,2814
1034,7.912850559674986,30.0,32.0,30,0,2813
1035,7.586251789149626,31.0,32.0,31,0,2781
1036,7.888763490817791,30.0,32.0,30,0,2763
1037,8.08765914761437,30.0,32.0,30,0,2755
1038,8.08117185090677,30.0,32.0,30,0,2746
1039,7.943725098069306,30.0,32.0,30,0,2749
1040,7.773513475831025,30.0,32.0,30,0,2713
1041,7.709944660532065,30.0,32.0,30,0,2713
1042,7.804019927968675,30.0,32.0,30,0,2711
1043,7.799278770141677,29.0,32.0,29,0,2743
1044,7.777009468123529,29.0,32.0,29,0,2752
1045,7.807308196536188,29.0,32.0,29,0,2757
1046,8.092789449013162,29.0,32.0,29,0,2750
1047,7.856301078969558,29.0,32.0,29,0,2760
1048,7.780823843136578,29.0,32.0,29,0,2772
1049,8.031138456353883,29.0,32.0,29,0,2748
1050,8.068533534830225,31.0,32.0,31,0,2744
1051,7.854739153044039,29.0,32.0,29,0,2750
1052,7.659340816875188,29.0,32.0,29,0,2748
1053,7.886176730723893,29.0,32.0,29,0,2777
1054,7.564490843231701,31.0,32.0,31,0,2786
1055,7.808235641586432,31.0,32.0,31,0,2821
1056,7.9902520735786755,31.0,32.0,31,0,2789
1057,7.45661644479346,29.0,32.0,29,0,2825
1058,7.998793704806972,31.0,32.0,31,0,2834
1059,7.798263423973119,29.0,32.0,29,0,2795
1060,7.78569311857957,31.0,32.0,31,0,2778
1061,7.790421790169979,31.0,32.0,31,0,2753
1062,8.04615442625861,31.0,32.0,31,0,2736
1063,8.26068365459392,31.0,32.0,31,0,2744
1064,8.314924006506013,31.0,32.0,31,0,2715
1065,8.039374203815363,31.0,32.0,31,0,2682
1066,8.149801141561554,31.0,32.0,31,0,2648
1067,8.520113843504483,31.0,32.0,31,0,2642
1068,7.904625742010793,31.0,32.0,31,0,2662
1069,7.6905548035635105,31.0,32.0,31,0,2687
1070,7.91507706654186,31.0,32.0,31,0,2721
1071,7.558418315332119,31.0,32.0,31,0,2718
1072,7.843591448199841,31.0,32.0,31,0,2791
1073,7.859087040474284,31.0,32.0,31,0,2813
1074,7.640356878463036,31.0,32.0,31,0,2820
1075,7.767990655262211,31.0,32.0,31,0,2804
1076,7.7358806375166544,31.0,32.0,31,0,2806
1077,7.839873925453337,29.0,32.0,29,0,2820
1078,7.865010854231325,30.0,32.0,30,0,2813
1079,7.74119113017238,31.0,32.0,31,0,2816
1080,7.673350908549249,29.0,32.0,29,0,2771
1081,7.869845793146383,31.0,32.0,31,0,2771
1082,8.226905730907152,31.0,32.0,31,0,2741
1083,8.018262151996565,31.0,32.0,31,0,2763
1084,7.874133644889254,30.0,32.0,30,0,2791
1085,7.8390913698187825,30.0,32.0,30,0,2765
1086,7.858324265967615,29.0,32.0,29,0,2771
1087,8.070783452862894,29.0,32.0,29,0,2748
1088,7.919972758188959,29.0,32.0,29,0,2817
1089,7.815896617848124,29.0,32.0,29,0,2852
1090,7.738478166145386,29.0,32.0,29,0,2828
1091,7.586274703663009,30.0,32.0,30,0,2807
1092,7.9667461596618585,29.0,32.0,29,0,2779
1093,8.053506992353539,30.0,32.0,30,0,2768
1094,8.14251561158324,30.0,32.0,30,0,2784
1095,8.113186664390039,30.0,32.0,30,0,2779
1096,7.994038420059215,29.0,32.0,29,0,2783
1097,7.946322303828914,28.0,32.0,28,0,2781
1098,7.817319758337234,28.0,32.0,28,0,2738
1099,7.850701899332394,31.0,32.0,31,0,2692
1100,8.343204903591957,31.0,32.0,31,0,2649
1101,8.59485421804299,31.0,32.0,31,0,2650
1102,7.959529229289679,29.0,32.0,29,0,2714
1103,8.071397993527222,29.0,32.0,29,0,2733
1104,7.678234337019395,29.0,32.0,29,0,2737
1105,8.226550634966399,29.0,32.0,29,0,2736
1106,7.908711038143759,29.0,32.0,29,0,2699
1107,7.903758732000773,29.0,32.0,29,0,2704
1108,8.309822605763435,29.0,32.0,29,0,2726
1109,8.203152529494496,29.0,32.0,29,0,2689
1110,8.36061391827763,29.0,32.0,29,0,2680
1111,8.113530849762437,29.0,32.0,29,0,2661
1112,8.319068524819674,30.0,32.0,30,0,2654
1113,8.388150530467511,30.0,32.0,30,0,2639
1114,8.198405771341449,30.0,32.0,30,0,2637
1115,8.340917381040596,30.0,32.0,30,0,2648
1116,8.521784498456597,30.0,32.0,30,0,2665
1117,8.414385405694812,30.0,32.0,30,0,2668
1118,8.411786542497767,33.0,33.0,33,0,2655
1119,8.713991406881567,33.0,33.0,33,0,2680
1120,8.872559390118827,31.0,33.0,31,0,2666
1121,8.849130676972301,30.0,33.0,30,0,2678
1122,8.699257983036594,30.0,33.0,30,0,2703
1123,8.619301166429393,30.0,33.0,30,0,2690
1124,8.450007397963475,30.0,33.0,30,0,2665
1125,8.310459584223404,30.0,33.0,30,0,2666
1126,8.32509980265328,30.0,33.0,30,0,2658
1127,8.334160115543215,30.0,33.0,30,0,2683
1128,8.440319413627442,31.0,33.0,31,0,2698
1129,8.221922840914466,30.0,33.0,30,0,2696
1130,8.742854735340538,31.0,33.0,31,0,2690
1131,8.403514959995304,30.0,33.0,30,0,2766
1132,8.094300902015675,32.0,33.0,32,0,2789
1133,8.20229448234294,31.0,33.0,31,0,2772
1134,7.966874977064361,30.0,33.0,30,0,2796
1135,7.988926323182316,30.0,33.0,30,0,2815
1136,7.6211837325276,30.0,33.0,30,0,2837
1137,7.6514652265357945,32.0,33.0,32,0,2823
1138,7.674421244244715,32.0,33.0,32,0,2818
1139,7.912909825431423,32.0,33.0,32,0,2813
1140,7.924032825212373,31.0,33.0,31,0,2789
1141,7.674752174491254,31.0,33.0,31,0,2806
1142,8.018654099887675,31.0,33.0,31,0,2789
1143,8.114017836304177,31.0,33.0,31,0,2767
1144,8.134939125528835,31.0,33.0,31,0,2767
1145,8.006339318482048,31.0,33.0,31,0,2797
1146,7.914061264191573,31.0,33.0,31,0,2795
1147,7.565631880035148,31.0,33.0,31,0,2841
1148,7.582555352461318,31.0,33.0,31,0,2825
1149,7.7113955122223645,31.0,33.0,31,0,2840
1150,7.984017048890883,31.0,33.0,31,0,2846
1151,7.736419659189928,29.0,33.0,29,0,2838
1152,7.5655442261946755,30.0,33.0,30,0,2847
1153,7.460470984783373,30.0,33.0,30,0,2828
1154,7.667546262177334,28.0,33.0,28,0,2792
1155,7.478733179251204,29.0,33.0,29,0,2785
1156,7.9633998337563945,29.0,33.0,29,0,2760
1157,7.941252648549729,28.0,33.0,28,0,2767
1158,7.9830369830526235,29.0,33.0,29,0,2771
1159,8.250188559771198,28.0,33.0,28,0,2716
1160,7.8588974847988435,29.0,33.0,29,0,2715
1161,8.122567997426998,28.0,33.0,28,0,2691
1162,7.8549554004068325,29.0,33.0,29,0,2666
1163,8.30455814204859,29.0,33.0,29,0,2699
1164,8.383576011914917,29.0,33.0,29,0,2685
1165,8.532149031397026,29.0,33.0,29,0,2641
1166,8.40994862360784,29.0,33.0,29,0,2644
1167,8.410938752964617,29.0,33.0,29,0,2641
1168,7.86895961111971,29.0,33.0,29,0,2614
1169,8.05928490424479,29.0,33.0,29,0,2592
1170,8.09910288533695,29.0,33.0,29,0,2589
1171,8.417094476498564,29.0,33.0,29,0,2598
1172,8.574625496944057,31.0,33.0,31,0,2601
1173,8.42497584587381,31.0,33.0,31,0,2653
1174,8.53132174582229,29.0,33.0,29,0,2639
1175,8.172807455198244,30.0,33.0,30,0,2644
1176,8.380343842949046,31.0,33.0,31,0,2632
1177,8.408143136474337,31.0,33.0,31,0,2606
1178,8.513076813499406,30.0,33.0,30,0,2613
1179,8.076055866855706,29.0,33.0,29,0,2650
1180,8.157702818005882,29.0,33.0,29,0,2664
1181,7.947878434867569,30.0,33.0,30,0,2669
1182,8.177494762193977,29.0,33.0,29,0,2661
1183,8.021804509099324,32.0,33.0,32,0,2647
1184,8.416435469572528,31.0,33.0,31,0,2658
1185,8.353967929926156,31.0,33.0,31,0,2662
1186,8.50012797835603,32.0,33.0,32,0,2683
1187,8.268747411871162,32.0,33.0,32,0,2704
1188,8.082061818750253,32.0,33.0,32,0,2705
1189,8.106863574481494,32.0,33.0,32,0,2706
1190,8.23239451397108,32.0,33.0,32,0,2714
1191,8.009923319044924,31.0,33.0,31,0,2757
1192,7.917403883010027,30.0,33.0,30,0,2756
1193,7.7093073255792275,29.0,33.0,29,0,2752
1194,8.185512955782936,29.0,33.0,29,0,2737
1195,7.693620352425318,29.0,33.0,29,0,2723
1196,8.112819059380495,29.0,33.0,29,0,2721
1197,7.671377427541404,31.0,33.0,31,0,2729
1198,7.89072335303621,30.0,33.0,30,0,2733
1199,8.14891113106391,30.0,33.0,30,0,2742
1200,8.084611108047024,30.0,33.0,30,0,2772
1201,7.872550739933315,30.0,33.0,30,0,2768
1202,7.611933804904702,31.0,33.0,31,0,2749
1203,8.024045788510604,32.0,33.0,32,0,2747
1204,7.961291196067397,32.0,33.0,32,0,2755
1205,8.293229463583899,31.0,33.0,31,0,2796
1206,7.854060352756239,31.0,33.0,31,0,2795
1207,7.75159513262562,31.0,33.0,31,0,2804
1208,7.7255353640868725,31.0,33.0,31,0,2805
1209,7.579742919717701,31.0,33.0,31,0,2806
1210,7.6800052981185685,31.0,33.0,31,0,2817
1211,7.440672259241321,32.0,33.0,32,0,2807
1212,7.367346400253738,31.0,33.0,31,0,2757
1213,7.551785717912602,31.0,33.0,31,0,2740
1214,7.621933648817634,29.0,33.0,29,0,2753
1215,7.814775836564562,30.0,33.0,30,0,2758
1216,7.7454747626774285,31.0,33.0,31,0,2745
1217,7.753875881063505,31.0,33.0,31,0,2769
1218,7.826166190035734,31.0,33.0,31,0,2753
1219,7.966417798356274,29.0,33.0,29,0,2769
1220,7.551151077903368,29.0,33.0,29,0,2782
1221,7.768757947824028,29.0,33.0,29,0,2774
1222,7.666196751524914,30.0,33.0,30,0,2771
1223,7.834087042002328,29.0,33.0,29,0,2760
1224,7.825045775898905,31.0,33.0,31,0,2776
1225,7.922649674608312,31.0,33.0,31,0,2798
1226,8.067658066262245,31.0,33.0,31,0,2771
1227,7.831922980812338,31.0,33.0,31,0,2776
1228,7.97743212146497,31.0,33.0,31,0,2781
1229,7.73572010561476,31.0,33.0,31,0,2803
1230,7.954548076222679,30.0,33.0,30,0,2815
1231,8.017732217793668,30.0,33.0,30,0,2810
1232,7.737960883241641,30.0,33.0,30,0,2857
1233,7.592767052388892,30.0,33.0,30,0,2863
1234,7.6472939292207265,30.0,33.0,30,0,2846
1235,7.753218076622365,30.0,33.0,30,0,2856
1236,7.883819756286792,31.0,33.0,31,0,2839
1237,7.843518468298638,31.0,33.0,31,0,2829
1238,7.936285996704134,30.0,33.0,30,0,2810
1239,8.119348354996433,31.0,33.0,31,0,2823
1240,7.490709188886603,31.0,33.0,31,0,2828
1241,7.979055856438349,31.0,33.0,31,0,2809
1242,8.126702220739428,31.0,33.0,31,0,2799
1243,7.893654930270337,31.0,33.0,31,0,2794
1244,8.076198416686468,31.0,33.0,31,0,2798
1245,8.059533832209322,31.0,33.0,31,0,2812
1246,8.118502616109318,30.0,33.0,30,0,2840
1247,7.542022973064082,28.0,33.0,28,0,2805
1248,7.898507636578103,28.0,33.0,28,0,2753
1249,7.981531842761391,31.0,33.0,31,0,2688
1250,8.182451766033585,29.0,33.0,29,0,2671
1251,8.191753214227148,27.0,33.0,27,0,2677
1252,8.033426004102104,31.0,33.0,31,0,2680
1253,8.444703173542901,31.0,33.0,31,0,2648
1254,8.35753045872792,30.0,33.0,30,0,2628
1255,8.379321213147556,29.0,33.0,29,0,2633
1256,8.699017903733223,29.0,33.0,29,0,2617
1257,8.178981940844011,29.0,33.0,29,0,2588
1258,8.279510548680372,29.0,33.0,29,0,2582
1259,8.398787020422914,29.0,33.0,29,0,2581
1260,8.433596001538818,29.0,33.0,29,0,2569
1261,8.591931934865714,29.0,33.0,29,0,2588
1262,8.983071874282471,30.0,33.0,30,0,2588
1263,8.477770494607817,29.0,33.0,29,0,2628
1264,8.6427196382213,29.0,33.0,29,0,2656
1265,8.394591051686433,29.0,33.0,29,0,2658
1266,8.721320944350786,29.0,33.0,29,0,2664
1267,8.02818081861803,29.0,33.0,29,0,2677
1268,8.3508505504636,29.0,33.0,29,0,2669
1269,8.490699163664948,29.0,33.0,29,0,2666
1270,8.292279901900494,29.0,33.0,29,0,2725
1271,8.020107316760562,29.0,33.0,29,0,2750
1272,8.01495840337625,30.0,33.0,30,0,2785
1273,8.11691620622088,29.0,33.0,29,0,2767
1274,7.850516153205469,28.0,33.0,28,0,2804
1275,7.9432458944753765,29.0,33.0,29,0,2797
1276,7.783904796754402,29.0,33.0,29,0,2809
1277,8.150474145780422,29.0,33.0,29,0,2801
1278,8.098921207164988,29.0,33.0,29,0,2799
1279,7.8908574675389955,29.0,33.0,29,0,2802
1280,8.312331735839711,29.0,33.0,29,0,2769
1281,7.932355686949957,29.0,33.0,29,0,2759
1282,7.692716617451623,29.0,33.0,29,0,2737
1283,8.18150232436198,30.0,33.0,30,0,2729
1284,8.31678080804033,30.0,33.0,30,0,2732
1285,8.212143552105132,29.0,33.0,29,0,2730
1286,7.869479404177342,29.0,33.0,29,0,2765
1287,8.155559468987704,29.0,33.0,29,0,2756
1288,8.03156012267264,29.0,33.0,29,0,2730
1289,8.397877196870287,29.0,33.0,29,0,2739
1290,8.247803567589283,29.0,33.0,29,0,2739
1291,7.9223297066099,30.0,33.0,30,0,2784
1292,7.934383519163312,29.0,33.0,29,0,2774
1293,7.5125780663275155,29.0,33.0,29,0,2761
1294,7.611598547937503,27.0,33.0,27,0,2793
1295,7.737250891716603,27.0,33.0,27,0,2751
1296,7.669392183905952,28.0,33.0,28,0,2744
1297,7.564392965329938,29.0,33.0,29,0,2734
1298,7.870020732612852,28.0,33.0,28,0,2704
1299,7.839575303603734,28.0,33.0,28,0,2677
1300,8.147012653362744,32.0,33.0,32,0,2650
1301,7.95298154706778,32.0,33.0,32,0,2656
1302,8.249672507535452,32.0,33.0,32,0,2667
1303,8.201899688480394,32.0,33.0,32,0,2674
1304,8.369378048516088,28.0,33.0,28,0,2664
1305,8.482147640883118,29.0,33.0,29,0,2654
1306,7.976836513399988,29.0,33.0,29,0,2679
1307,8.346236945969682,28.0,33.0,28,0,2681
1308,8.437636455832514,28.0,33.0,28,0,2642
1309,8.261326964873087,29.0,33.0,29,0,2600
1310,8.433425692904834,29.0,33.0,29,0,2610
1311,8.320197393817601,30.0,33.0,30,0,2606
1312,8.141600148305166,28.0,33.0,28,0,2606
1313,8.179553075613068,29.0,33.0,29,0,2592
1314,8.403442517390355,29.0,33.0,29,0,2602
1315,8.85985410511843,28.0,33.0,28,0,2616
1316,9.030606805418854,28.0,33.0,28,0,2626
1317,8.417057279407235,29.0,33.0,29,0,2617
1318,7.931676366347884,29.0,33.0,29,0,2648
1319,8.59961866435692,29.0,33.0,29,0,2633
1320,8.49620609690201,29.0,33.0,29,0,2624
1321,8.518424339739354,29.0,33.0,29,0,2642
1322,8.614876941800603,28.0,33.0,28,0,2635
1323,8.045600663489408,29.0,33.0,29,0,2659
1324,8.356837070910485,28.0,33.0,28,0,2673
1325,8.256316408171703,29.0,33.0,29,0,2672
1326,8.380193278394223,29.0,33.0,29,0,2669
1327,8.66946398911294,30.0,33.0,30,0,2642
1328,8.773115216923324,30.0,33.0,30,0,2660
1329,8.81110893896746,30.0,33.0,30,0,2657
1330,8.696247875801447,30.0,33.0,30,0,2653
1331,8.31726976150761,30.0,33.0,30,0,2679
1332,8.419767004296366,31.0,33.0,31,0,2624
1333,8.452645413016135,31.0,33.0,31,0,2602
1334,8.589661401823966,31.0,33.0,31,0,2583
1335,8.568006635567563,31.0,33.0,31,0,2549
1336,8.427777339337508,31.0,33.0,31,0,2557
1337,8.725084670852173,30.0,33.0,30,0,2552
1338,8.764419438508243,31.0,33.0,31,0,2568
1339,9.318052264760277,33.0,33.0,33,0,2535
1340,8.781459429669301,33.0,33.0,33,0,2581
1341,8.806484369970093,33.0,33.0,33,0,2606
1342,8.961293739881715,33.0,33.0,33,0,2659
1343,8.541952791052175,33.0,33.0,33,0,2687
1344,8.758223611855506,33.0,33.0,33,0,2693
1345,8.353094336764757,33.0,33.0,33,0,2714
1346,8.056343416412648,33.0,33.0,33,0,2749
1347,7.956559761419513,33.0,33.0,33,0,2769
1348,8.029688983416781,33.0,33.0,33,0,2779
1349,7.697687789649187,33.0,33.0,33,0,2789
1350,8.242110606877464,31.0,33.0,31,0,2784
1351,7.895813073851262,31.0,33.0,31,0,2749
1352,8.118488302149437,31.0,33.0,31,0,2745
1353,7.65969661468765,31.0,33.0,31,0,2753
1354,7.768763370650111,33.0,33.0,33,0,2750
1355,7.500558224605614,33.0,33.0,33,0,2726
1356,7.899406557365793,29.0,33.0,29,0,2717
1357,7.945708787459725,31.0,33.0,31,0,2698
1358,7.590163453930746,31.0,33.0,31,0,2688
1359,8.064388544606961,31.0,33.0,31,0,2688
1360,8.13999134374133,33.0,33.0,33,0,2671
1361,8.270284539742867,32.0,33.0,32,0,2680
1362,7.750875082480665,32.0,33.0,32,0,2684
1363,8.214280022743393,31.0,33.0,31,0,2731
1364,8.031109079470843,31.0,33.0,31,0,2723
1365,8.089679714280628,31.0,33.0,31,0,2739
1366,8.140373218726447,31.0,33.0,31,0,2732
1367,7.584936989598356,33.0,33.0,33,0,2752
1368,7.517860719454645,31.0,33.0,31,0,2747
1369,7.6697125294196065,32.0,33.0,32,0,2715
1370,7.810181757144658,32.0,33.0,32,0,2681
1371,7.889376545733324,32.0,33.0,32,0,2689
1372,7.856986777329375,32.0,33.0,32,0,2685
1373,8.015377915968182,31.0,33.0,31,0,2695
1374,7.845682292639254,33.0,33.0,33,0,2663
1375,8.028015974459793,33.0,33.0,33,0,2689
1376,7.799689484743335,31.0,33.0,31,0,2679
1377,8.199758611427882,31.0,33.0,31,0,2673
1378,8.067189839983264,31.0,33.0,31,0,2659
1379,8.073779743802252,31.0,33.0,31,0,2673
1380,7.910342813038733,31.0,33.0,31,0,2656
1381,8.16942848213924,29.0,33.0,29,0,2670
1382,8.178554266639086,29.0,33.0,29,0,2683
1383,7.79612977985559,29.0,33.0,29,0,2706
1384,8.066756792703899,28.0,33.0,28,0,2695
1385,8.230927417860928,28.0,33.0,28,0,2719
1386,8.190801985998256,33.0,33.0,33,0,2749
1387,7.912092680327163,30.0,33.0,30,0,2749
1388,8.16074405238808,30.0,33.0,30,0,2778
1389,7.986540714813602,33.0,33.0,33,0,2755
1390,7.7835235901288975,33.0,33.0,33,0,2772
1391,7.783268148184988,33.0,33.0,33,0,2773
1392,7.888292095206002,28.0,33.0,28,0,2731
1393,8.03492283565845,28.0,33.0,28,0,2746
1394,7.9565165147017,28.0,33.0,28,0,2753
1395,7.511203064274293,33.0,33.0,33,0,2732
1396,7.703881651555091,28.0,33.0,28,0,2758
1397,7.827315339941773,31.0,33.0,31,0,2717
1398,7.854632390834189,31.0,33.0,31,0,2717
1399,8.104061113242416,33.0,33.0,33,0,2719
1400,8.196523634536131,30.0,33.0,30,0,2723
1401,7.903819061044518,33.0,33.0,33,0,2733
1402,8.039253509284405,31.0,33.0,31,0,2746
1403,8.245722358622825,31.0,33.0,31,0,2733
1404,8.395642893672656,31.0,33.0,31,0,2734
1405,7.986951666756037,33.0,33.0,33,0,2722
1406,8.063713401539164,31.0,33.0,31,0,2708
1407,8.37373721128268,33.0,33.0,33,0,2673
1408,8.479913523806426,33.0,33.0,33,0,2670
1409,8.541875002231283,33.0,33.0,33,0,2685
1410,8.704737653137661,33.0,33.0,33,0,2678
1411,8.433143104093478,33.0,33.0,33,0,2717
1412,8.380045796073285,33.0,33.0,33,0,2737
1413,7.78576769207032,33.0,33.0,33,0,2733
1414,7.735411073458789,33.0,33.0,33,0,2729
1415,7.513995427937127,33.0,33.0,33,0,2687
1416,8.013416352746159,33.0,33.0,33,0,2655
1417,7.8021476861234245,33.0,33.0,33,0,2649
1418,7.6049564718512945,33.0,33.0,33,0,2699
1419,7.544978954907239,33.0,33.0,33,0,2731
1420,7.831513073865031,33.0,33.0,33,0,2729
1421,7.9405671933272455,33.0,33.0,33,0,2718
1422,7.728664715318866,33.0,33.0,33,0,2753
1423,7.8393581692356875,30.0,33.0,30,0,2818
1424,7.683501077237468,32.0,33.0,32,0,2780
1425,7.725860611431603,33.0,33.0,33,0,2823
1426,7.679568291116524,33.0,33.0,33,0,2836
1427,7.68129511424172,31.0,33.0,31,0,2840
1428,7.64442566724502,32.0,33.0,32,0,2870
1429,7.725214437897304,32.0,33.0,32,0,2851
1430,7.784274247646384,30.0,33.0,30,0,2841
1431,7.612276934374716,29.0,33.0,29,0,2813
1432,7.615177813344567,28.0,33.0,28,0,2778
1433,7.916511178208833,29.0,33.0,29,0,2731
1434,7.789330825478972,29.0,33.0,29,0,2717
1435,8.030396148317825,33.0,33.0,33,0,2724
1436,8.176185466015662,30.0,33.0,30,0,2722
1437,8.44146109681819,33.0,33.0,33,0,2686
1438,8.04301343419154,33.0,33.0,33,0,2680
1439,8.019703565171518,29.0,33.0,29,0,2684
1440,8.236388589874824,30.0,33.0,30,0,2687
1441,8.193115387361566,29.0,33.0,29,0,2655
1442,8.139861651016584,32.0,33.0,32,0,2676
1443,8.075105618055678,31.0,33.0,31,0,2699
1444,7.632218414082603,30.0,33.0,30,0,2719
1445,7.9257694353595864,32.0,33.0,32,0,2688
1446,8.092074277701512,30.0,33.0,30,0,2696
1447,7.9466274154691945,32.0,33.0,32,0,2681
1448,7.593082324126685,30.0,33.0,30,0,2656
1449,7.906141414690055,33.0,33.0,33,0,2625
1450,7.965341935182133,28.0,33.0,28,0,2605
1451,7.867681084421099,28.0,33.0,28,0,2596
1452,8.26807189044527,28.0,33.0,28,0,2597
1453,8.584831219334395,31.0,33.0,31,0,2567
1454,8.476644189629091,29.0,33.0,29,0,2561
1455,8.295171135599574,31.0,33.0,31,0,2557
1456,8.522621188276366,29.0,33.0,29,0,2569
1457,8.518494490305859,31.0,33.0,31,0,2571
1458,8.553361522844181,31.0,33.0,31,0,2531
1459,8.5846108483944,31.0,33.0,31,0,2549
1460,8.918921495471658,31.0,33.0,31,0,2599
1461,8.647011160879831,33.0,33.0,33,0,2600
1462,8.559051387408529,33.0,33.0,33,0,2604
1463,8.3873989368007,33.0,33.0,33,0,2634
1464,8.2429691844847,33.0,33.0,33,0,2655
1465,8.495000396478918,33.0,33.0,33,0,2624
1466,8.445340006253264,33.0,33.0,33,0,2634
1467,8.213129123487313,33.0,33.0,33,0,2700
1468,8.160923890543748,33.0,33.0,33,0,2696
1469,8.019365647532913,31.0,33.0,31,0,2750
1470,8.218122314545052,32.0,33.0,32,0,2790
1471,7.982958773448154,30.0,33.0,30,0,2764
1472,8.248545240669129,33.0,33.0,33,0,2766
1473,7.877015971466624,33.0,33.0,33,0,2750
1474,7.656734736486994,33.0,33.0,33,0,2749
1475,8.080134490867325,33.0,33.0,33,0,2706
1476,8.016187619350344,33.0,33.0,33,0,2668
1477,8.204571001759888,33.0,33.0,33,0,2648
1478,8.210429463437546,33.0,33.0,33,0,2638
1479,7.997677102571865,33.0,33.0,33,0,2632
1480,7.8493497680045135,33.0,33.0,33,0,2683
1481,8.204816935091559,33.0,33.0,33,0,2669
1482,8.127677950352552,33.0,33.0,33,0,2648
1483,8.183462514804985,33.0,33.0,33,0,2660
1484,7.89796420845291,33.0,33.0,33,0,2681
1485,8.183111854827057,33.0,33.0,33,0,2692
1486,8.113090358866444,33.0,33.0,33,0,2701
1487,7.944179096210104,33.0,33.0,33,0,2721
1488,8.162447721228705,33.0,33.0,33,0,2686
1489,8.713471465875939,33.0,33.0,33,0,2647
1490,8.795546842150085,29.0,33.0,29,0,2625
1491,8.82843500451877,33.0,33.0,33,0,2630
1492,8.661310640540927,32.0,33.0,32,0,2621
1493,8.50526218121651,30.0,33.0,30,0,2589
1494,8.86237243050832,31.0,33.0,31,0,2590
1495,8.963567084183383,33.0,33.0,33,0,2579
1496,8.777902820360646,31.0,33.0,31,0,2582
1497,8.909889192432217,32.0,33.0,32,0,2559
1498,8.645159474465766,32.0,33.0,32,0,2545
1499,9.18850047069717,31.0,33.0,31,0,2555
1500,8.589324586440947,31.0,33.0,31,0,2578
1501,8.750106840639491,31.0,33.0,31,0,2608
1502,8.91967247896322,31.0,33.0,31,0,2600
1503,8.280241325701875,33.0,33.0,33,0,2632
1504,8.479322575391826,33.0,33.0,33,0,2715
1505,8.208912538514882,31.0,33.0,31,0,2685
1506,8.096852944446882,31.0,33.0,31,0,2678
1507,8.061639520322247,31.0,33.0,31,0,2700
1508,7.318234454942487,30.0,33.0,30,0,2664
1509,8.022299847139498,30.0,33.0,30,0,2635
1510,8.077505328800434,33.0,33.0,33,0,2629
1511,7.748287678348401,31.0,33.0,31,0,2646
1512,7.9498080220263905,33.0,33.0,33,0,2690
1513,8.207830763067424,31.0,33.0,31,0,2713
1514,7.843811433439075,33.0,33.0,33,0,2783
1515,7.622923410440091,33.0,33.0,33,0,2817
1516,7.702367603637389,33.0,33.0,33,0,2797
1517,7.900230789263913,31.0,33.0,31,0,2803
1518,8.030173515663252,32.0,33.0,32,0,2801
1519,7.8598353236753935,32.0,33.0,32,0,2784
1520,7.726134560912056,32.0,33.0,32,0,2764
1521,7.7517887275840645,29.0,33.0,29,0,2733
1522,7.555629291055415,30.0,33.0,30,0,2741
1523,7.920711369720991,30.0,33.0,30,0,2721
1524,7.388368007876527,30.0,33.0,30,0,2730
1525,7.613474589026228,31.0,33.0,31,0,2715
1526,7.978904192581284,31.0,33.0,31,0,2686
1527,7.8405273554559045,31.0,33.0,31,0,2670
1528,7.4445964025808555,31.0,33.0,31,0,2682
1529,8.069252679866644,31.0,33.0,31,0,2665
1530,7.87617331803805,31.0,33.0,31,0,2680
1531,7.90691608747776,31.0,33.0,31,0,2698
1532,8.139822298687974,26.0,33.0,26,0,2699
1533,8.024017674251724,28.0,33.0,28,0,2692
1534,7.7774455156212605,28.0,33.0,28,0,2696
1535,7.997967392858104,28.0,33.0,28,0,2671
1536,8.239858481950694,27.0,33.0,27,0,2660
1537,8.149364814292746,28.0,33.0,28,0,2654
1538,8.191524921977804,28.0,33.0,28,0,2641
1539,8.401087215226896,27.0,33.0,27,0,2649
1540,7.883072452047433,27.0,33.0,27,0,2672
1541,7.827419212775369,27.0,33.0,27,0,2679
1542,8.06535507340971,27.0,33.0,27,0,2698
1543,8.190350227220001,27.0,33.0,27,0,2709
1544,7.979199660209682,27.0,33.0,27,0,2727
1545,7.836970930489129,27.0,33.0,27,0,2702
1546,8.100212045626817,27.0,33.0,27,0,2700
1547,8.38527412667493,27.0,33.0,27,0,2649
1548,8.309362867941283,28.0,33.0,28,0,2628
1549,8.10973871230926,28.0,33.0,28,0,2624
1550,8.70918968032199,28.0,33.0,28,0,2604
1551,8.5743214974001,28.0,33.0,28,0,2650
1552,8.459066651360967,28.0,33.0,28,0,2680
1553,8.181246410370866,28.0,33.0,28,0,2728
1554,8.364574831312733,28.0,33.0,28,0,2718
1555,8.279465638368452,28.0,33.0,28,0,2693
1556,8.014255164280637,28.0,33.0,28,0,2705
1557,8.391756889190232,28.0,33.0,28,0,2727
1558,8.368414589839974,28.0,33.0,28,0,2705
1559,8.273939027803069,28.0,33.0,28,0,2689
1560,8.163814132460613,28.0,33.0,28,0,2697
1561,7.927102364707701,28.0,33.0,28,0,2707
1562,8.164413753962918,28.0,33.0,28,0,2709
1563,7.95123339792962,28.0,33.0,28,0,2704
1564,8.219391811036841,28.0,33.0,28,0,2714
1565,8.012142223307212,28.0,33.0,28,0,2693
1566,7.801251373022614,28.0,33.0,28,0,2684
1567,8.193997042557283,28.0,33.0,28,0,2670
1568,8.244957500812195,28.0,33.0,28,0,2665
1569,8.240615811698792,28.0,33.0,28,0,2658
1570,8.270034172919429,28.0,33.0,28,0,2656
1571,8.291661492486648,30.0,33.0,30,0,2644
1572,8.328530363463782,28.0,33.0,28,0,2620
1573,8.574033269051478,28.0,33.0,28,0,2612
1574,8.189181217697094,28.0,33.0,28,0,2655
1575,8.488384004664429,28.0,33.0,28,0,2651
1576,8.53694722539617,28.0,33.0,28,0,2630
1577,8.524298523315956,29.0,33.0,29,0,2638
1578,8.712349967639039,30.0,33.0,30,0,2639
1579,8.58819562616824,30.0,33.0,30,0,2629
1580,8.93923295069905,30.0,33.0,30,0,2606
1581,8.63986778935512,29.0,33.0,29,0,2605
1582,9.068617298474908,29.0,33.0,29,0,2602
1583,8.700015267859214,29.0,33.0,29,0,2600
1584,8.784694764938289,29.0,33.0,29,0,2598
1585,8.656975906006767,29.0,33.0,29,0,2596
1586,8.58594402072754,29.0,33.0,29,0,2609
1587,8.492060961099495,30.0,33.0,30,0,2630
1588,8.364748008371526,30.0,33.0,30,0,2638
1589,8.029260776977655,30.0,33.0,30,0,2662
1590,8.324693912009458,30.0,33.0,30,0,2662
1591,7.956807978749905,30.0,33.0,30,0,2641
1592,8.57567524884329,30.0,33.0,30,0,2616
1593,8.728905051550552,29.0,33.0,29,0,2649
1594,8.497453386454763,29.0,33.0,29,0,2680
1595,8.512077573300491,29.0,33.0,29,0,2680
1596,8.221703269736832,29.0,33.0,29,0,2719
1597,8.27351829089343,29.0,33.0,29,0,2734
1598,8.321233037692275,29.0,33.0,29,0,2701
1599,8.522096535217534,29.0,33.0,29,0,2728
1600,8.177044458418392,29.0,33.0,29,0,2669
1601,8.217994230000983,29.0,33.0,29,0,2683
1602,8.864763296787856,29.0,33.0,29,0,2661
1603,8.531088090042779,29.0,33.0,29,0,2651
1604,8.555705474108468,31.0,33.0,31,0,2665
1605,8.577839268046358,29.0,33.0,29,0,2648
1606,8.787546927866103,29.0,33.0,29,0,2662
1607,8.40272520208243,29.0,33.0,29,0,2694
1608,8.239527044726271,30.0,33.0,30,0,2718
1609,8.3336270510307,30.0,33.0,30,0,2708
1610,8.272356203894937,29.0,33.0,29,0,2677
1611,8.193843496950219,29.0,33.0,29,0,2671
1612,8.442489050713863,29.0,33.0,29,0,2668
1613,8.4478571070419,29.0,33.0,29,0,2666
1614,8.029132928827943,31.0,33.0,31,0,2691
1615,8.693412171236208,31.0,33.0,31,0,2711
1616,8.219269243022243,29.0,33.0,29,0,2672
1617,8.682252925796869,29.0,33.0,29,0,2673
1618,8.541448075582213,27.0,33.0,27,0,2656
1619,8.578374981316513,31.0,33.0,31,0,2656
1620,8.528576102399978,29.0,33.0,29,0,2637
1621,8.593773409509389,30.0,33.0,30,0,2632
1622,8.382279771451843,29.0,33.0,29,0,2635
1623,8.083981899941596,28.0,33.0,28,0,2644
1624,8.791619007513331,29.0,33.0,29,0,2601
1625,8.779541687151392,29.0,33.0,29,0,2548
1626,9.037197649654964,29.0,33.0,29,0,2559
1627,8.434164701319343,29.0,33.0,29,0,2578
1628,8.296195180035308,29.0,33.0,29,0,2571
1629,8.458442431621412,30.0,33.0,30,0,2573
1630,8.352067381618442,30.0,33.0,30,0,2541
1631,8.542750832528766,29.0,33.0,29,0,2543
1632,8.148552803104778,31.0,33.0,31,0,2546
1633,8.600582403745202,29.0,33.0,29,0,2532
1634,8.808539005513124,29.0,33.0,29,0,2530
1635,8.775419104410547,29.0,33.0,29,0,2523
1636,8.306238833259206,29.0,33.0,29,0,2571
1637,8.401467500381582,29.0,33.0,29,0,2590
1638,8.60620889456455,29.0,33.0,29,0,2595
1639,8.50466146717704,29.0,33.0,29,0,2603
1640,8.627385321587628,29.0,33.0,29,0,2616
1641,8.172392722123151,29.0,33.0,29,0,2651
1642,8.36729727847939,28.0,33.0,28,0,2670
1643,8.090186668333688,28.0,33.0,28,0,2659
1644,8.23915601018496,28.0,33.0,28,0,2641
1645,8.14437409855237,28.0,33.0,28,0,2624
1646,8.405736855046202,28.0,33.0,28,0,2589
1647,8.226074115598266,29.0,33.0,29,0,2592
1648,8.242386172637156,29.0,33.0,29,0,2609
1649,8.034507528003003,29.0,33.0,29,0,2617
1650,8.161855153631901,29.0,33.0,29,0,2627
1651,8.405009674477713,29.0,33.0,29,0,2612
1652,7.838611609361803,28.0,33.0,28,0,2625
1653,8.279528361833382,28.0,33.0,28,0,2626
1654,7.939547263876633,29.0,33.0,29,0,2641
1655,8.128263029238537,29.0,33.0,29,0,2657
1656,8.408575713398841,28.0,33.0,28,0,2707
1657,8.217219443419419,29.0,33.0,29,0,2689
1658,8.359656510724172,28.0,33.0,28,0,2708
1659,7.894957431477093,29.0,33.0,29,0,2697
1660,7.898778824480194,29.0,33.0,29,0,2676
1661,8.345205744680738,29.0,33.0,29,0,2651
1662,8.653756377252456,29.0,33.0,29,0,2675
1663,8.428120882725416,29.0,33.0,29,0,2656
1664,8.396662062464726,29.0,33.0,29,0,2680
1665,8.212260208778753,29.0,33.0,29,0,2691
1666,8.043021333008893,29.0,33.0,29,0,2653
1667,8.48408797956978,29.0,33.0,29,0,2655
1668,8.349292751670552,29.0,33.0,29,0,2658
1669,8.364898587854505,29.0,33.0,29,0,2662
1670,8.09429132269009,29.0,33.0,29,0,2692
1671,7.922689338559541,28.0,33.0,28,0,2740
1672,8.1014808798073,31.0,33.0,31,0,2708
1673,8.295637156910642,29.0,33.0,29,0,2692
1674,8.040618656331915,29.0,33.0,29,0,2700
1675,8.243183996922506,29.0,33.0,29,0,2696
1676,8.2868306508746,30.0,33.0,30,0,2715
1677,8.2180471216221,30.0,33.0,30,0,2708
1678,7.87242796960359,30.0,33.0,30,0,2738
1679,8.204536277540074,30.0,33.0,30,0,2718
1680,8.340753898359917,30.0,33.0,30,0,2693
1681,7.9337452980455705,29.0,33.0,29,0,2715
1682,7.950080575224188,29.0,33.0,29,0,2707
1683,8.036462692129481,28.0,33.0,28,0,2688
1684,8.458099629978555,29.0,33.0,29,0,2679
1685,8.720475943151706,28.0,33.0,28,0,2656
1686,8.620351489361123,28.0,33.0,28,0,2688
1687,8.490869356834516,31.0,33.0,31,0,2694
1688,8.218702076578436,31.0,33.0,31,0,2673
1689,8.309734228059828,31.0,33.0,31,0,2658
1690,8.326372377779835,31.0,33.0,31,0,2647
1691,7.894200277338491,29.0,33.0,29,0,2647
1692,8.531780633759936,29.0,33.0,29,0,2662
1693,8.328743063868028,30.0,33.0,30,0,2651
1694,8.451512647219872,29.0,33.0,29,0,2669
1695,8.136937540400547,29.0,33.0,29,0,2670
1696,8.335324380911105,29.0,33.0,29,0,2677
1697,8.304581256873266,29.0,33.0,29,0,2680
1698,8.16681403085183,32.0,33.0,32,0,2697
1699,8.078823439415029,32.0,33.0,32,0,2683
1700,8.158166471609116,30.0,33.0,30,0,2670
1701,8.424272153324102,30.0,33.0,30,0,2673
1702,8.047552749695688,30.0,33.0,30,0,2659
1703,7.991080811961441,30.0,33.0,30,0,2652
1704,8.144009709531744,30.0,33.0,30,0,2657
1705,8.043094803504582,30.0,33.0,30,0,2643
1706,7.950970549224231,32.0,33.0,32,0,2641
1707,8.029964270956583,32.0,33.0,32,0,2614
1708,8.334027083213973,32.0,33.0,32,0,2596
1709,8.752105806527931,32.0,33.0,32,0,2621
1710,8.486462251659832,32.0,33.0,32,0,2615
1711,8.364040576236768,32.0,33.0,32,0,2672
1712,8.193701515983133,32.0,33.0,32,0,2680
1713,8.45695932485325,32.0,33.0,32,0,2663
1714,8.530127603848312,32.0,33.0,32,0,2654
1715,7.970465428686386,32.0,33.0,32,0,2660
1716,8.122236217305696,32.0,33.0,32,0,2664
1717,8.198932099747282,30.0,33.0,30,0,2651
1718,8.570160644949107,30.0,33.0,30,0,2640
1719,8.253287120796783,32.0,33.0,32,0,2658
1720,8.42389369585797,32.0,33.0,32,0,2651
1721,8.365666648170782,30.0,33.0,30,0,2669
1722,8.330790027324303,30.0,33.0,30,0,2669
1723,8.282472930009956,30.0,33.0,30,0,2704
1724,7.965267171101661,30.0,33.0,30,0,2700
1725,8.197964810837911,30.0,33.0,30,0,2688
1726,8.28482849394427,30.0,33.0,30,0,2731
1727,8.224774605021024,30.0,33.0,30,0,2718
1728,8.06248410653353,30.0,33.0,30,0,2708
1729,8.27423238875258,30.0,33.0,30,0,2708
1730,8.20411459663148,30.0,33.0,30,0,2696
1731,7.856823184087377,30.0,33.0,30,0,2705
1732,7.761126060979237,30.0,33.0,30,0,2718
1733,7.631344723983481,29.0,33.0,29,0,2704
1734,7.998940782661418,29.0,33.0,29,0,2666
1735,8.046085859319238,29.0,33.0,29,0,2624
1736,8.10047008247523,30.0,33.0,30,0,2635
1737,8.085846860082714,30.0,33.0,30,0,2597
1738,8.618505300701822,30.0,33.0,30,0,2575
1739,8.488466171560862,30.0,33.0,30,0,2553
1740,8.320300455192076,30.0,33.0,30,0,2592
1741,8.185582864782752,30.0,33.0,30,0,2575
1742,8.540091639548029,30.0,33.0,30,0,2553
1743,8.461490482585782,30.0,33.0,30,0,2564
1744,8.041347425551706,30.0,33.0,30,0,2572
1745,8.588879015563961,29.0,33.0,29,0,2555
1746,8.618908300839685,30.0,33.0,30,0,2527
1747,8.357676142765571,30.0,33.0,30,0,2567
1748,8.313987427810728,29.0,33.0,29,0,2592
1749,8.409592074513043,30.0,33.0,30,0,2579
1750,8.424857529475272,30.0,33.0,30,0,2582
1751,8.450406187056313,30.0,33.0,30,0,2577
1752,8.316483903121378,30.0,33.0,30,0,2597
1753,8.488893204167848,30.0,33.0,30,0,2610
1754,7.986377312808451,30.0,33.0,30,0,2629
1755,7.97281009702997,30.0,33.0,30,0,2619
1756,8.211260888792518,30.0,33.0,30,0,2601
1757,8.688457949061869,30.0,33.0,30,0,2598
1758,8.27144730900624,29.0,33.0,29,0,2596
1759,7.914178274246753,30.0,33.0,30,0,2608
1760,8.076635159556778,29.0,33.0,29,0,2627
1761,7.982909869098867,29.0,33.0,29,0,2598
1762,8.49315295771975,30.0,33.0,30,0,2576
1763,8.253388353398485,30.0,33.0,30,0,2579
1764,8.093241445131667,30.0,33.0,30,0,2617
1765,8.42421044258662,31.0,33.0,31,0,2594
1766,8.107104507466833,31.0,33.0,31,0,2596
1767,8.037723090902421,30.0,33.0,30,0,2592
1768,8.011023334289115,30.0,33.0,30,0,2632
1769,8.120263740455371,30.0,33.0,30,0,2675
1770,7.80029706220277,30.0,33.0,30,0,2674
1771,7.935956384160322,30.0,33.0,30,0,2663
1772,8.309050072884716,30.0,33.0,30,0,2626
1773,8.259839056421939,30.0,33.0,30,0,2610
1774,8.234306309506659,30.0,33.0,30,0,2651
1775,8.44092710078883,29.0,33.0,29,0,2643
1776,7.6746684177368785,29.0,33.0,29,0,2669
1777,7.920377403960977,30.0,33.0,30,0,2662
1778,8.26973040804096,31.0,33.0,31,0,2650
1779,8.031231196744669,29.0,33.0,29,0,2668
1780,7.909635518847143,30.0,33.0,30,0,2660
1781,8.353338892452545,29.0,33.0,29,0,2663
1782,8.34072287978629,29.0,33.0,29,0,2672
1783,8.146866372889136,29.0,33.0,29,0,2725
1784,7.911106544148091,30.0,33.0,30,0,2748
1785,7.9297652335624065,29.0,33.0,29,0,2731
1786,8.173416626070988,29.0,33.0,29,0,2726
1787,7.7067429980331825,31.0,33.0,31,0,2744
1788,7.664514540759613,29.0,33.0,29,0,2746
1789,7.768845795093531,30.0,33.0,30,0,2734
1790,7.889306979862964,30.0,33.0,30,0,2717
1791,7.857027232835707,30.0,33.0,30,0,2708
1792,8.079290827109011,30.0,33.0,30,0,2711
1793,7.754266728137294,28.0,33.0,28,0,2712
1794,7.942174476386573,28.0,33.0,28,0,2705
1795,7.879005717303516,29.0,33.0,29,0,2697
1796,7.781801009547918,29.0,33.0,29,0,2699
1797,7.573621883747856,29.0,33.0,29,0,2715
1798,7.694076351342666,30.0,33.0,30,0,2748
1799,7.880723207193826,30.0,33.0,30,0,2721
1800,7.842832942111033,29.0,33.0,29,0,2712
1801,7.957142266991014,29.0,33.0,29,0,2718
1802,7.9156182935202555,31.0,33.0,31,0,2708
1803,7.9394930571843405,29.0,33.0,29,0,2728
1804,7.756401192995846,29.0,33.0,29,0,2727
1805,7.63740042708495,31.0,33.0,31,0,2697
1806,7.929964212301305,31.0,33.0,31,0,2688
1807,8.06624716514325,31.0,33.0,31,0,2690
1808,7.897813270335588,32.0,33.0,32,0,2698
1809,8.039476701765253,31.0,33.0,31,0,2701
1810,8.09517401710656,29.0,33.0,29,0,2708
1811,8.013830468355046,29.0,33.0,29,0,2741
1812,7.806838804733608,29.0,33.0,29,0,2737
1813,7.468791213576172,30.0,33.0,30,0,2752
1814,7.700876831762543,30.0,33.0,30,0,2735
1815,7.821175994917811,28.0,33.0,28,0,2726
1816,7.832595387847005,28.0,33.0,28,0,2739
1817,7.680431635078544,29.0,33.0,29,0,2729
1818,7.80342113883595,29.0,33.0,29,0,2746
1819,7.726622615009619,29.0,33.0,29,0,2726
1820,7.828925373857631,29.0,33.0,29,0,2707
1821,7.794981779631953,29.0,33.0,29,0,2683
1822,7.908745252354904,30.0,33.0,30,0,2669
1823,8.042828069952176,29.0,33.0,29,0,2692
1824,8.340921076842713,30.0,33.0,30,0,2717
1825,8.037821616320626,30.0,33.0,30,0,2726
1826,8.013388300862,28.0,33.0,28,0,2736
1827,7.836051329762226,29.0,33.0,29,0,2751
1828,7.962951198457376,29.0,33.0,29,0,2730
1829,8.108525646872703,28.0,33.0,28,0,2716
1830,8.095367812998239,31.0,33.0,31,0,2699
1831,7.897154208895259,31.0,33.0,31,0,2720
1832,8.168823837025675,31.0,33.0,31,0,2718
1833,8.209390642561033,31.0,33.0,31,0,2689
1834,8.244435481380961,29.0,33.0,29,0,2693
1835,7.780016272017274,29.0,33.0,29,0,2689
1836,8.000154770139801,29.0,33.0,29,0,2684
1837,8.344813115954658,29.0,33.0,29,0,2670
1838,8.244806903227435,31.0,33.0,31,0,2657
1839,7.921680623796504,31.0,33.0,31,0,2674
1840,8.212472517388331,29.0,33.0,29,0,2682
1841,8.163347050731112,29.0,33.0,29,0,2693
1842,8.11275827196803,31.0,33.0,31,0,2663
1843,8.274013018895687,31.0,33.0,31,0,2636
1844,8.076934067380368,31.0,33.0,31,0,2667
1845,8.069161638116755,31.0,33.0,31,0,2673
1846,8.169000492740512,31.0,33.0,31,0,2670
1847,8.068561948636264,31.0,33.0,31,0,2670
1848,7.711588372933375,29.0,33.0,29,0,2669
1849,8.239549738570314,31.0,33.0,31,0,2671
1850,8.09411725773251,31.0,33.0,31,0,2690
1851,7.733985891571166,31.0,33.0,31,0,2695
1852,7.7170987506335065,31.0,33.0,31,0,2695
1853,7.744194991048259,31.0,33.0,31,0,2686
1854,7.960942704583232,29.0,33.0,29,0,2653
1855,8.162735996844358,29.0,33.0,29,0,2659
1856,8.090892886675048,29.0,33.0,29,0,2689
1857,8.11444765449405,29.0,33.0,29,0,2705
1858,7.97292150820621,30.0,33.0,30,0,2748
1859,7.933789500461274,29.0,33.0,29,0,2747
1860,7.692302656712499,29.0,33.0,29,0,2744
1861,7.776512352933361,29.0,33.0,29,0,2754
1862,8.04131133168919,29.0,33.0,29,0,2736
1863,7.689236441019227,29.0,33.0,29,0,2691
1864,8.092442328292323,29.0,33.0,29,0,2666
1865,8.435325202856012,29.0,33.0,29,0,2657
1866,7.878710046982953,29.0,33.0,29,0,2676
1867,8.104474063153042,28.0,33.0,28,0,2683
1868,7.984748378852474,30.0,33.0,30,0,2688
1869,8.167669665381293,30.0,33.0,30,0,2693
1870,7.82249262485892,30.0,33.0,30,0,2681
1871,8.042326506305352,29.0,33.0,29,0,2690
1872,8.111833398540618,29.0,33.0,29,0,2667
1873,8.071979416926055,29.0,33.0,29,0,2643
1874,7.970748725869389,29.0,33.0,29,0,2631
1875,7.789705560234329,29.0,33.0,29,0,2654
1876,7.942902969663426,29.0,33.0,29,0,2645
1877,8.109654040024271,29.0,33.0,29,0,2657
1878,8.145738561234898,29.0,33.0,29,0,2663
1879,8.181439436922423,29.0,33.0,29,0,2651
1880,8.162370786682771,29.0,33.0,29,0,2655
1881,8.372643589835455,29.0,33.0,29,0,2681
1882,8.24486938642069,29.0,33.0,29,0,2680
1883,8.102556798967576,29.0,33.0,29,0,2710
1884,8.20091049527088,29.0,33.0,29,0,2699
1885,8.336684123684428,29.0,33.0,29,0,2686
1886,8.450072659021535,31.0,33.0,31,0,2671
1887,8.280176564780799,31.0,33.0,31,0,2660
1888,8.266789498761133,29.0,33.0,29,0,2671
1889,8.335027707967074,31.0,33.0,31,0,2686
1890,8.293254991433445,31.0,33.0,31,0,2667
1891,8.650794697747171,31.0,33.0,31,0,2697
1892,8.297294647372942,31.0,33.0,31,0,2724
1893,8.577976008908962,31.0,33.0,31,0,2753
1894,7.916272877098816,30.0,33.0,30,0,2757
1895,7.99321987656762,30.0,33.0,30,0,2775
1896,7.922937115530342,30.0,33.0,30,0,2762
1897,8.300146948532616,30.0,33.0,30,0,2716
1898,8.404061186965652,30.0,33.0,30,0,2701
1899,8.422497874118047,31.0,33.0,31,0,2683
1900,8.18188350962069,30.0,33.0,30,0,2677
1901,8.014963770683053,30.0,33.0,30,0,2718
1902,8.075747149855808,30.0,33.0,30,0,2726
1903,8.565694389111998,29.0,33.0,29,0,2724
1904,8.145703262132443,29.0,33.0,29,0,2733
1905,8.083190682338893,31.0,33.0,31,0,2766
1906,7.877205893893263,31.0,33.0,31,0,2769
1907,7.7154266227910115,31.0,33.0,31,0,2810
1908,7.728512744735272,31.0,33.0,31,0,2799
1909,7.677394547084138,31.0,33.0,31,0,2785
1910,7.6859933297496585,30.0,33.0,30,0,2769
1911,7.577189036017581,29.0,33.0,29,0,2766
1912,7.5957087691588265,29.0,33.0,29,0,2773
1913,7.8828315959995185,29.0,33.0,29,0,2773
1914,8.061506851148035,29.0,33.0,29,0,2755
1915,7.9328504328555915,29.0,33.0,29,0,2758
1916,7.849765043890832,30.0,33.0,30,0,2752
1917,7.624830656019397,30.0,33.0,30,0,2762
1918,7.813323203407573,29.0,33.0,29,0,2753
1919,7.7327564479027995,30.0,33.0,30,0,2743
1920,8.08897006750648,31.0,33.0,31,0,2779
1921,7.865746139547407,31.0,33.0,31,0,2789
1922,7.777142232335888,29.0,33.0,29,0,2810
1923,8.234862283436676,29.0,33.0,29,0,2789
1924,7.870931680627321,30.0,33.0,30,0,2795
1925,7.8106116481639285,29.0,33.0,29,0,2794
1926,7.719747521635034,29.0,33.0,29,0,2785
1927,7.758115233756775,29.0,33.0,29,0,2766
1928,7.958224916446072,29.0,33.0,29,0,2762
1929,7.813099848982453,29.0,33.0,29,0,2775
1930,7.882314462563117,29.0,33.0,29,0,2763
1931,7.808025420656545,29.0,33.0,29,0,2752
1932,7.909363947794742,29.0,33.0,29,0,2733
1933,7.903694062914088,28.0,33.0,28,0,2732
1934,8.31912907055549,28.0,33.0,28,0,2729
1935,7.919808242353512,28.0,33.0,28,0,2708
1936,7.277237831109499,28.0,33.0,28,0,2716
1937,7.732366104829442,29.0,33.0,29,0,2671
1938,7.815981014098035,28.0,33.0,28,0,2676
1939,7.982069949914448,30.0,33.0,30,0,2670
1940,8.125380609968143,29.0,33.0,29,0,2658
1941,7.794250121914172,28.0,33.0,28,0,2689
1942,7.5615971032838765,29.0,33.0,29,0,2666
1943,7.835331528291654,28.0,33.0,28,0,2700
1944,7.91421929900447,28.0,33.0,28,0,2705
1945,7.9648710084403,29.0,33.0,29,0,2721
1946,7.744858545745045,29.0,33.0,29,0,2690
1947,7.845214525082133,29.0,33.0,29,0,2706
1948,7.511193614560616,29.0,33.0,29,0,2727
1949,8.001498627370967,29.0,33.0,29,0,2713
1950,7.726373625469782,31.0,33.0,31,0,2695
1951,8.21193185625442,31.0,33.0,31,0,2685
1952,7.934157329866447,31.0,33.0,31,0,2691
1953,8.233662141884915,31.0,33.0,31,0,2724
1954,8.34340138337141,30.0,33.0,30,0,2718
1955,8.182751829767806,30.0,33.0,30,0,2708
1956,7.92569449061821,30.0,33.0,30,0,2715
1957,8.249810489433413,31.0,33.0,31,0,2709
1958,8.24907102814055,30.0,33.0,30,0,2699
1959,8.202440007516863,31.0,33.0,31,0,2702
1960,7.99062315336981,29.0,33.0,29,0,2712
1961,7.935262669048347,29.0,33.0,29,0,2703
1962,7.887541383158138,29.0,33.0,29,0,2690
1963,8.309785200323201,29.0,33.0,29,0,2697
1964,8.438474757667738,29.0,33.0,29,0,2696
1965,8.029584231750002,29.0,33.0,29,0,2721
1966,7.987081855111837,29.0,33.0,29,0,2721
1967,8.085888845157033,29.0,33.0,29,0,2740
1968,7.842335146531334,29.0,33.0,29,0,2749
1969,8.38680454095075,29.0,33.0,29,0,2746
1970,8.168670455950238,29.0,33.0,29,0,2785
1971,8.439052592179122,29.0,33.0,29,0,2822
1972,8.239917527603897,29.0,33.0,29,0,2812
1973,8.046534026623341,29.0,33.0,29,0,2796
1974,8.005101136415353,29.0,33.0,29,0,2815
1975,8.224147781139374,29.0,33.0,29,0,2828
1976,7.908125846667216,29.0,33.0,29,0,2827
1977,7.761651234097843,29.0,33.0,29,0,2805
1978,8.29091228014392,29.0,33.0,29,0,2793
1979,8.342754564375218,29.0,33.0,29,0,2793
1980,7.656547502536329,29.0,33.0,29,0,2819
1981,7.9779908242586695,29.0,33.0,29,0,2847
1982,8.117563151567099,29.0,33.0,29,0,2846
1983,7.944382896786012,28.0,33.0,28,0,2831
1984,7.4399460896761855,29.0,33.0,29,0,2852
1985,7.585489471420183,28.0,33.0,28,0,2831
1986,7.692615988510076,28.0,33.0,28,0,2836
1987,7.881156676796876,28.0,33.0,28,0,2837
1988,7.967325376394584,28.0,33.0,28,0,2841
1989,8.021284429500481,27.0,33.0,27,0,2818
1990,7.431255397517046,27.0,33.0,27,0,2822
1991,7.52148417876846,29.0,33.0,29,0,2785
1992,7.64905775103157,29.0,33.0,29,0,2752
1993,7.633314831096568,29.0,33.0,29,0,2721
1994,7.630316381978897,29.0,33.0,29,0,2719
1995,8.034612554886854,29.0,33.0,29,0,2718
1996,7.811614874592359,28.0,33.0,28,0,2695
1997,8.046929103721506,29.0,33.0,29,0,2694
1998,8.198361183943943,28.0,33.0,28,0,2672
1999,8.294253587033577,28.0,33.0,28,0,2656
2000,7.944050818568976,29.0,33.0,29,0,2689
